lm0_x,lm0_y,lm0_z,lm1_x,lm1_y,lm1_z,lm2_x,lm2_y,lm2_z,lm3_x,lm3_y,lm3_z,lm4_x,lm4_y,lm4_z,lm5_x,lm5_y,lm5_z,lm6_x,lm6_y,lm6_z,lm7_x,lm7_y,lm7_z,lm8_x,lm8_y,lm8_z,lm9_x,lm9_y,lm9_z,lm10_x,lm10_y,lm10_z,lm11_x,lm11_y,lm11_z,lm12_x,lm12_y,lm12_z,lm13_x,lm13_y,lm13_z,lm14_x,lm14_y,lm14_z,lm15_x,lm15_y,lm15_z,lm16_x,lm16_y,lm16_z,lm17_x,lm17_y,lm17_z,lm18_x,lm18_y,lm18_z,lm19_x,lm19_y,lm19_z,lm20_x,lm20_y,lm20_z,label
0.6675226092338562,0.860691249370575,6.235785008357198e-07,0.596388041973114,0.8357186317443848,-0.036109764128923416,0.52841717004776,0.7666502594947815,-0.056997667998075485,0.47444963455200195,0.7027866244316101,-0.07471437752246857,0.4245058298110962,0.6759142279624939,-0.09350990504026413,0.5646362900733948,0.5576293468475342,-0.04361247643828392,0.5324483513832092,0.4214800298213959,-0.06806596368551254,0.5141472220420837,0.3352552652359009,-0.08673584461212158,0.5021140575408936,0.2561008036136627,-0.10200332850217819,0.6138214468955994,0.5232072472572327,-0.047657329589128494,0.5976387858390808,0.3629331588745117,-0.07131138443946838,0.5892118811607361,0.25405022501945496,-0.09235923737287521,0.584532618522644,0.15705913305282593,-0.10914502292871475,0.6618979573249817,0.5298557877540588,-0.05572639778256416,0.6704901456832886,0.37861448526382446,-0.086957186460495,0.6759804487228394,0.2774754762649536,-0.11250180006027222,0.6788029670715332,0.18513914942741394,-0.1306420862674713,0.7074258923530579,0.5670247673988342,-0.06594196707010269,0.7442364692687988,0.4632929265499115,-0.0990806370973587,0.7691363096237183,0.3899651765823364,-0.11838902533054352,0.7885011434555054,0.31692633032798767,-0.1315697580575943,mano_abierta
0.6674867868423462,0.8614429235458374,6.247509531931428e-07,0.5970162153244019,0.8361530303955078,-0.035713307559490204,0.5295886993408203,0.7659146785736084,-0.05633661523461342,0.47524040937423706,0.7025435566902161,-0.0739244818687439,0.42516762018203735,0.6760112643241882,-0.09242121130228043,0.5650242567062378,0.5559386610984802,-0.04119613394141197,0.5324050784111023,0.4207550585269928,-0.06476382166147232,0.5139268040657043,0.3351248502731323,-0.08306597173213959,0.5017182230949402,0.25685590505599976,-0.09813360869884491,0.61394202709198,0.5213491916656494,-0.045260846614837646,0.5986199378967285,0.3599129617214203,-0.06761272996664047,0.5902577638626099,0.2514975070953369,-0.08784987032413483,0.5853134393692017,0.15625879168510437,-0.10405343025922775,0.6619898676872253,0.5274059176445007,-0.05348700284957886,0.6687793135643005,0.3745858073234558,-0.08328820019960403,0.6725479364395142,0.2737783193588257,-0.10812199115753174,0.6739001870155334,0.182237446308136,-0.12592045962810516,0.7077826857566833,0.5642748475074768,-0.06397805362939835,0.7446861267089844,0.46007534861564636,-0.09590062499046326,0.7691123485565186,0.386189341545105,-0.11482632905244827,0.7880699634552002,0.3132063150405884,-0.12782153487205505,mano_abierta
0.6674415469169617,0.86149662733078,6.266027412493713e-07,0.596881628036499,0.8360836505889893,-0.03564348444342613,0.5295548439025879,0.7657842636108398,-0.056231748312711716,0.47555848956108093,0.7028405070304871,-0.07380544394254684,0.42588943243026733,0.6759719252586365,-0.09229057282209396,0.5652638673782349,0.5557821989059448,-0.040931057184934616,0.5327584743499756,0.42089974880218506,-0.06439957767724991,0.5144689083099365,0.3356011211872101,-0.08263648301362991,0.5023426413536072,0.2576200067996979,-0.09765587002038956,0.6142556667327881,0.5215319991111755,-0.045021023601293564,0.5994306802749634,0.3597445487976074,-0.06740638613700867,0.591300368309021,0.2511408030986786,-0.08761037886142731,0.5864381790161133,0.15583494305610657,-0.10374625772237778,0.6621696352958679,0.5277450084686279,-0.05330977588891983,0.668840765953064,0.3744294047355652,-0.08320644497871399,0.6725355982780457,0.27368342876434326,-0.10806365311145782,0.6737830638885498,0.18210887908935547,-0.1258215755224228,0.707900881767273,0.564544677734375,-0.06385782361030579,0.7449222803115845,0.4597642719745636,-0.09583400189876556,0.769380509853363,0.3856220245361328,-0.11482825130224228,0.7883179783821106,0.3122689425945282,-0.12786516547203064,mano_abierta
0.6674036979675293,0.8617929220199585,6.3089004243011e-07,0.59670490026474,0.8367747664451599,-0.036326874047517776,0.5295370221138,0.7671613097190857,-0.057274919003248215,0.47564733028411865,0.7051371932029724,-0.07514990866184235,0.4261671304702759,0.6796491742134094,-0.09394045174121857,0.5657863020896912,0.5577120184898376,-0.04148634523153305,0.5333786010742188,0.4231475591659546,-0.06498017907142639,0.5152438282966614,0.3381260633468628,-0.08324733376502991,0.5032881498336792,0.2599768042564392,-0.09832635521888733,0.6147894859313965,0.5231565237045288,-0.04528626799583435,0.6001059412956238,0.3611893951892853,-0.06776054203510284,0.5922298431396484,0.25217828154563904,-0.08799022436141968,0.58772212266922,0.15626737475395203,-0.10419470071792603,0.6625077128410339,0.529118001461029,-0.05335870012640953,0.6691532135009766,0.37617069482803345,-0.08327043801546097,0.6731278896331787,0.2752533257007599,-0.10814744979143143,0.6746633648872375,0.18346548080444336,-0.12593843042850494,0.7079383134841919,0.5653528571128845,-0.06378112733364105,0.7447218894958496,0.4603317081928253,-0.09561746567487717,0.7693252563476562,0.386006623506546,-0.11459539085626602,0.7884242534637451,0.3123997151851654,-0.12770453095436096,mano_abierta
0.6677606701850891,0.8609009981155396,6.316465714917285e-07,0.5970300436019897,0.8360854387283325,-0.0362977609038353,0.5297987461090088,0.7672233581542969,-0.05730521306395531,0.47568637132644653,0.7060120105743408,-0.0752444863319397,0.4261220693588257,0.6810121536254883,-0.09413836151361465,0.5662954449653625,0.5578635334968567,-0.04184283688664436,0.5338086485862732,0.4230397939682007,-0.06531554460525513,0.5156752467155457,0.3381943702697754,-0.08358021825551987,0.5037120580673218,0.26021724939346313,-0.09863068908452988,0.6151984333992004,0.5236585140228271,-0.045618169009685516,0.6006606221199036,0.36153358221054077,-0.06785820424556732,0.5930362939834595,0.2527834177017212,-0.08792896568775177,0.5888315439224243,0.15700066089630127,-0.10411258041858673,0.6627727746963501,0.529610276222229,-0.053646527230739594,0.6693787574768066,0.37646666169166565,-0.08329591900110245,0.6732993125915527,0.27590125799179077,-0.10804299265146255,0.6747786998748779,0.18445119261741638,-0.12583918869495392,0.7080610394477844,0.565815269947052,-0.06404098868370056,0.7448567152023315,0.4608898162841797,-0.09572045505046844,0.7694728374481201,0.38678228855133057,-0.11462615430355072,0.78857421875,0.3134238123893738,-0.12773488461971283,mano_abierta
0.6681139469146729,0.8603829145431519,6.339157039292331e-07,0.5976051092147827,0.8354300260543823,-0.036790281534194946,0.5309513807296753,0.7674965858459473,-0.058550067245960236,0.4766847491264343,0.7064793109893799,-0.0771971046924591,0.42646360397338867,0.6813480257987976,-0.09679419547319412,0.5672402381896973,0.5585841536521912,-0.04292534291744232,0.5349873900413513,0.42411285638809204,-0.06690050661563873,0.5166601538658142,0.3392810821533203,-0.08550628274679184,0.5044779777526855,0.26114338636398315,-0.10074963420629501,0.6159138083457947,0.5240542888641357,-0.04661720618605614,0.6016751527786255,0.3621496856212616,-0.06931012868881226,0.5939112305641174,0.25359341502189636,-0.08955065906047821,0.5894327163696289,0.15784764289855957,-0.10583101212978363,0.6633298397064209,0.5297471880912781,-0.05453508347272873,0.6700565814971924,0.37693893909454346,-0.0843370258808136,0.6737768054008484,0.2764059901237488,-0.10883355885744095,0.6750401258468628,0.1852439045906067,-0.1264442801475525,0.7084400653839111,0.5657668113708496,-0.06486604362726212,0.7449905872344971,0.4606061279773712,-0.09631587564945221,0.7694005370140076,0.38639014959335327,-0.11483602225780487,0.7883346676826477,0.3133551776409149,-0.12768156826496124,mano_abierta
0.6679853200912476,0.8586292266845703,6.330056407932716e-07,0.5976682305335999,0.8332691192626953,-0.0369039885699749,0.5312634706497192,0.7660061120986938,-0.058855410665273666,0.47684574127197266,0.7058200240135193,-0.0777367353439331,0.4264232814311981,0.6813755035400391,-0.09758181869983673,0.5678199529647827,0.5574650764465332,-0.04295933619141579,0.5355724692344666,0.4231475591659546,-0.06712400168180466,0.5171560049057007,0.33843719959259033,-0.08588480949401855,0.5049327611923218,0.2601020932197571,-0.10124798119068146,0.6164765357971191,0.5229328870773315,-0.04660838097333908,0.602284848690033,0.3620714247226715,-0.06944605708122253,0.5943889021873474,0.254009872674942,-0.08983813226222992,0.5898439884185791,0.15806645154953003,-0.10626126080751419,0.6638577580451965,0.5284831523895264,-0.05449089780449867,0.6702255010604858,0.3759769797325134,-0.08432424813508987,0.6738651394844055,0.2760564088821411,-0.10871889442205429,0.6751441359519958,0.1851266324520111,-0.12626907229423523,0.7089018225669861,0.5643158555030823,-0.06482056528329849,0.7452442646026611,0.45984870195388794,-0.09619482606649399,0.76947021484375,0.38578158617019653,-0.11465555429458618,0.7883177995681763,0.312669038772583,-0.12747377157211304,mano_abierta
0.6679174304008484,0.8578810095787048,6.331633244371915e-07,0.5976093411445618,0.8329039812088013,-0.03678552061319351,0.5312681794166565,0.7659504413604736,-0.05872183293104172,0.4771568179130554,0.7056949734687805,-0.07758007943630219,0.42689186334609985,0.6807642579078674,-0.0974401906132698,0.5675980448722839,0.5569047927856445,-0.043174948543310165,0.5356261730194092,0.42223551869392395,-0.0673099234700203,0.5172549486160278,0.337270051240921,-0.08597999811172485,0.5049887299537659,0.2587372660636902,-0.10130578279495239,0.6164920330047607,0.5225856304168701,-0.04689208045601845,0.6024909615516663,0.3618481755256653,-0.06976592540740967,0.5945632457733154,0.25393202900886536,-0.09020403772592545,0.5898655652999878,0.15810322761535645,-0.10669107735157013,0.6639679074287415,0.5283623337745667,-0.05480322241783142,0.6706147789955139,0.376047819852829,-0.0847059041261673,0.6742352247238159,0.2759529948234558,-0.1092526987195015,0.675437331199646,0.1846829354763031,-0.12694190442562103,0.7089745402336121,0.5641937851905823,-0.06511951237916946,0.7453188896179199,0.4596542716026306,-0.09659047424793243,0.7695921659469604,0.38565850257873535,-0.11516056954860687,0.7884654402732849,0.31248724460601807,-0.12807612121105194,mano_abierta
0.6677253246307373,0.8562198877334595,6.357754500641022e-07,0.59799724817276,0.8315058350563049,-0.037135049700737,0.5319471955299377,0.7643065452575684,-0.05932183936238289,0.4774056077003479,0.7038488984107971,-0.07837468385696411,0.42683178186416626,0.6799202561378479,-0.09842610359191895,0.5685584545135498,0.5544888973236084,-0.0435662716627121,0.5366619825363159,0.4197027087211609,-0.06767486780881882,0.51850825548172,0.33514127135276794,-0.08639218658208847,0.5064951181411743,0.2571251392364502,-0.10172243416309357,0.6171132326126099,0.5203914046287537,-0.04704497382044792,0.6033521294593811,0.35949039459228516,-0.06986303627490997,0.5953959226608276,0.25165748596191406,-0.09027869254350662,0.5906436443328857,0.15613049268722534,-0.10674837976694107,0.6644159555435181,0.5260276794433594,-0.05472145602107048,0.6710098385810852,0.37419068813323975,-0.08431438356637955,0.6744991540908813,0.27455154061317444,-0.10864663869142532,0.6756521463394165,0.1838284432888031,-0.12623603641986847,0.7092812061309814,0.5616568922996521,-0.06486885249614716,0.7454756498336792,0.45727601647377014,-0.09585127234458923,0.7696183323860168,0.38333386182785034,-0.11415750533342361,0.7884722948074341,0.31029605865478516,-0.12695319950580597,mano_abierta
0.6679239869117737,0.8565155863761902,6.357344091156847e-07,0.5981085300445557,0.8316644430160522,-0.0373544916510582,0.5319883823394775,0.7646523714065552,-0.05962491035461426,0.47733074426651,0.7043141722679138,-0.07868579030036926,0.42701002955436707,0.6800385117530823,-0.09874525666236877,0.5688800811767578,0.5548662543296814,-0.043818939477205276,0.5372960567474365,0.42002588510513306,-0.06805868446826935,0.5193125605583191,0.3351949453353882,-0.08685354143381119,0.5074290633201599,0.2569888234138489,-0.10219857096672058,0.6174147129058838,0.5207363367080688,-0.04717171564698219,0.6037642955780029,0.35966819524765015,-0.07002411782741547,0.5958060622215271,0.25176963210105896,-0.09038402885198593,0.5910195708274841,0.1561901569366455,-0.10678284615278244,0.6646283268928528,0.5263723134994507,-0.05474581941962242,0.671351432800293,0.374065637588501,-0.08438646793365479,0.6750204563140869,0.2738848626613617,-0.10868562012910843,0.6762913465499878,0.1828741431236267,-0.12620405852794647,0.7094250321388245,0.5619034767150879,-0.064799003303051,0.7455298900604248,0.457166463136673,-0.09569747745990753,0.7696558237075806,0.38294342160224915,-0.1138865128159523,0.7884438037872314,0.3098160922527313,-0.12658321857452393,mano_abierta
0.669340968132019,0.857988715171814,6.384539688042423e-07,0.599206268787384,0.8328636884689331,-0.037612397223711014,0.5331387519836426,0.7660809755325317,-0.05984245985746384,0.4785766899585724,0.7058943510055542,-0.07886367291212082,0.428212970495224,0.6821237802505493,-0.0987975224852562,0.5700474977493286,0.557013750076294,-0.043359141796827316,0.5382474660873413,0.42151927947998047,-0.06741773337125778,0.5202686190605164,0.33655375242233276,-0.08617106825113297,0.508582353591919,0.2583211064338684,-0.10144982486963272,0.6186595559120178,0.5222835540771484,-0.04648634046316147,0.6048405170440674,0.3610208332538605,-0.06897133588790894,0.5970333218574524,0.252657949924469,-0.0891735702753067,0.5926491618156433,0.15708601474761963,-0.10551201552152634,0.6657787561416626,0.5270143747329712,-0.05392981693148613,0.6723485589027405,0.37481915950775146,-0.08318806439638138,0.6761370897293091,0.275608092546463,-0.10725166648626328,0.6776725649833679,0.18581432104110718,-0.12462221086025238,0.7104017734527588,0.5616404414176941,-0.06394541263580322,0.7461682558059692,0.45727217197418213,-0.09459128230810165,0.7702693343162537,0.3836066722869873,-0.11265493184328079,0.7892135381698608,0.31126073002815247,-0.12525969743728638,mano_abierta
0.6706796288490295,0.8591077327728271,6.317341103567742e-07,0.6005203723907471,0.8348711133003235,-0.03800737485289574,0.5346962213516235,0.7683768272399902,-0.06020466983318329,0.4804841876029968,0.7080003619194031,-0.07899484783411026,0.4304555058479309,0.6827940344810486,-0.09866750985383987,0.5726417899131775,0.5588245987892151,-0.04383441060781479,0.5405768752098083,0.4243391156196594,-0.06774187088012695,0.5224828720092773,0.3399457335472107,-0.0863533690571785,0.5107929110527039,0.2623787820339203,-0.10154330730438232,0.6208909749984741,0.5242009162902832,-0.046659305691719055,0.6069002747535706,0.3629720211029053,-0.06906460225582123,0.599282443523407,0.2551434338092804,-0.08922261744737625,0.5950700640678406,0.15978923439979553,-0.10551229864358902,0.6676161289215088,0.5291314125061035,-0.053805798292160034,0.6739338040351868,0.376758337020874,-0.08314641565084457,0.6783460974693298,0.27727973461151123,-0.10734421014785767,0.6803739070892334,0.1869322955608368,-0.12478900700807571,0.7121044993400574,0.563785970211029,-0.06350979954004288,0.7476396560668945,0.459172785282135,-0.09424969553947449,0.7718674540519714,0.38576674461364746,-0.11241665482521057,0.7907922863960266,0.31363075971603394,-0.12509195506572723,mano_abierta
0.6725635528564453,0.8573884963989258,6.343179279610922e-07,0.6027241945266724,0.8318241834640503,-0.037834856659173965,0.5373047590255737,0.7659112215042114,-0.060560207813978195,0.4824926555156708,0.7061612606048584,-0.07998921722173691,0.43171167373657227,0.6824386119842529,-0.10028906911611557,0.5743345022201538,0.5556986927986145,-0.04360111802816391,0.5426084399223328,0.42036402225494385,-0.06774042546749115,0.5245893597602844,0.33576321601867676,-0.08666983246803284,0.5128883719444275,0.2583596110343933,-0.10198444873094559,0.6223182678222656,0.5215446949005127,-0.046635400503873825,0.6081863641738892,0.3602789640426636,-0.06885945051908493,0.6002238392829895,0.2532971501350403,-0.08881837129592896,0.5956180095672607,0.1592637002468109,-0.10491698235273361,0.6690984964370728,0.5262143611907959,-0.054002683609724045,0.6750531792640686,0.37289559841156006,-0.0826437920331955,0.6786774396896362,0.2727412283420563,-0.10627693682909012,0.680009126663208,0.1818353533744812,-0.12346109747886658,0.7137346863746643,0.5606443285942078,-0.06399378925561905,0.7489427328109741,0.4559231102466583,-0.09367647767066956,0.772369384765625,0.3825104236602783,-0.11106143146753311,0.7906402945518494,0.3105331063270569,-0.1232786625623703,mano_abierta
0.6746554970741272,0.8577065467834473,6.422587262022716e-07,0.60467928647995,0.8325505256652832,-0.037851482629776,0.5391612648963928,0.7659223675727844,-0.06023550406098366,0.4839721918106079,0.7073214650154114,-0.0793299674987793,0.4331938624382019,0.6878005266189575,-0.09938322007656097,0.5766585469245911,0.5547683238983154,-0.04273483529686928,0.5449766516685486,0.4190351366996765,-0.06659864634275436,0.5276320576667786,0.3336595296859741,-0.08557349443435669,0.516473114490509,0.25597497820854187,-0.10087709873914719,0.6247027516365051,0.5200817584991455,-0.045625101774930954,0.610805332660675,0.35751134157180786,-0.06707625091075897,0.602695882320404,0.25071755051612854,-0.08676350861787796,0.5977060198783875,0.15754812955856323,-0.10264052450656891,0.6715764999389648,0.5243291258811951,-0.05289642885327339,0.6765979528427124,0.37010854482650757,-0.08074423670768738,0.6796252727508545,0.26976478099823,-0.10403783619403839,0.6805332899093628,0.17914515733718872,-0.12101616710424423,0.7162367701530457,0.5590464472770691,-0.0628778263926506,0.750564694404602,0.45490124821662903,-0.09169401228427887,0.7732328772544861,0.3819991946220398,-0.10849972814321518,0.7908790707588196,0.31082388758659363,-0.12033908069133759,mano_abierta
0.6812112331390381,0.8596610426902771,6.382063020282658e-07,0.6108312010765076,0.8325554132461548,-0.034951552748680115,0.5438143014907837,0.7656244039535522,-0.05538315698504448,0.487773060798645,0.7109990119934082,-0.07309386134147644,0.43759387731552124,0.6955096125602722,-0.09180106967687607,0.5799691677093506,0.5531076192855835,-0.037491120398044586,0.5475714206695557,0.4189496338367462,-0.059459999203681946,0.5311354994773865,0.33397746086120605,-0.07738948613405228,0.5206702947616577,0.2581755220890045,-0.09189966320991516,0.6282967329025269,0.5184211134910583,-0.04131217673420906,0.6154583692550659,0.3563615083694458,-0.060399554669857025,0.6085304021835327,0.25042837858200073,-0.07882080972194672,0.6042236685752869,0.1597999930381775,-0.09379064291715622,0.6756789088249207,0.5224560499191284,-0.049533918499946594,0.6804691553115845,0.3694007098674774,-0.07533209025859833,0.6830182075500488,0.27040478587150574,-0.09796041995286942,0.6835322380065918,0.18216857314109802,-0.11454872041940689,0.7206906676292419,0.5574274659156799,-0.06034878268837929,0.7542681694030762,0.454925537109375,-0.08749622106552124,0.7764148116111755,0.38384175300598145,-0.10348773002624512,0.7937475442886353,0.31543704867362976,-0.11475687474012375,mano_abierta
0.6955339312553406,0.86723792552948,6.128946097305743e-07,0.6259503960609436,0.8391022682189941,-0.030616844072937965,0.557215690612793,0.7741286158561707,-0.047866422683000565,0.5005455017089844,0.7285688519477844,-0.06291718035936356,0.45131057500839233,0.7203325033187866,-0.07913843542337418,0.592361569404602,0.5612666010856628,-0.03263212740421295,0.5601479411125183,0.42879655957221985,-0.052792031317949295,0.54344242811203,0.34469279646873474,-0.06934110075235367,0.5321693420410156,0.2709876596927643,-0.0827799141407013,0.6402233839035034,0.5245856046676636,-0.037311214953660965,0.6280955672264099,0.3612668514251709,-0.0541047528386116,0.6221085786819458,0.256742924451828,-0.07074759155511856,0.617956280708313,0.16953107714653015,-0.08438188582658768,0.6873577237129211,0.5265159606933594,-0.04609157517552376,0.6933988928794861,0.3769698143005371,-0.06989117711782455,0.6965620517730713,0.28102096915245056,-0.09130613505840302,0.6970858573913574,0.19666147232055664,-0.10699509084224701,0.7317453622817993,0.5598964095115662,-0.057152893394231796,0.7654772400856018,0.46083271503448486,-0.08308672159910202,0.788291871547699,0.39222294092178345,-0.0982213020324707,0.8059021234512329,0.3269280791282654,-0.10873584449291229,mano_abierta
0.7210501432418823,0.8802371025085449,6.361762530104897e-07,0.6503363847732544,0.8511174917221069,-0.030624262988567352,0.5788223743438721,0.7896804213523865,-0.048799674957990646,0.5175458192825317,0.7543364763259888,-0.0650888979434967,0.4657701849937439,0.7635635137557983,-0.08318070322275162,0.6120842695236206,0.5752702951431274,-0.03413185104727745,0.5766124725341797,0.44466352462768555,-0.055423833429813385,0.5583358407020569,0.3597104251384735,-0.07273757457733154,0.5460966229438782,0.2838607430458069,-0.08682247251272202,0.6600098013877869,0.5360408425331116,-0.039641495794057846,0.6461144685745239,0.3728536367416382,-0.05746039003133774,0.6391944289207458,0.2677662670612335,-0.07493793219327927,0.6346888542175293,0.178261399269104,-0.08923110365867615,0.7078372836112976,0.5371314287185669,-0.04914296790957451,0.7142201662063599,0.3858979344367981,-0.07399442791938782,0.7168252468109131,0.28863969445228577,-0.09630458801984787,0.7171005606651306,0.20305606722831726,-0.1124337911605835,0.753027617931366,0.5708253979682922,-0.060850050300359726,0.7863402366638184,0.4685823321342468,-0.0871059000492096,0.8093425035476685,0.39788129925727844,-0.1020246297121048,0.8268499374389648,0.3317205607891083,-0.11241260170936584,mano_abierta
0.7378907799720764,0.8879283666610718,6.352799459818925e-07,0.6674550771713257,0.8620815277099609,-0.031539659947156906,0.5963912606239319,0.8066642880439758,-0.05087205022573471,0.5363590121269226,0.7775797843933105,-0.06827045232057571,0.4849054515361786,0.7919040322303772,-0.08763545751571655,0.6295873522758484,0.5854639410972595,-0.036762405186891556,0.5912928581237793,0.4545372724533081,-0.05920717492699623,0.5713813304901123,0.3692111372947693,-0.0772036612033844,0.5577012300491333,0.29196426272392273,-0.09172455966472626,0.6773406267166138,0.5427067875862122,-0.04207785055041313,0.6612740159034729,0.3777466416358948,-0.06059739738702774,0.6527832746505737,0.2714081406593323,-0.07847337424755096,0.6470422148704529,0.17975643277168274,-0.09320068359375,0.7253747582435608,0.5418930053710938,-0.05133676156401634,0.7306727170944214,0.3894997835159302,-0.07599145919084549,0.7326227426528931,0.29162123799324036,-0.09814230352640152,0.73228919506073,0.20494243502616882,-0.11439327150583267,0.7714815735816956,0.5742254853248596,-0.0629706010222435,0.8044285178184509,0.4704042673110962,-0.08834105730056763,0.8263840675354004,0.39648139476776123,-0.10288221389055252,0.8428410887718201,0.32607734203338623,-0.11332575231790543,mano_abierta
0.7590384483337402,0.889636754989624,6.304121029643284e-07,0.6881622076034546,0.865990161895752,-0.03236977756023407,0.6168144345283508,0.8147519826889038,-0.05222072824835777,0.5558962225914001,0.7894834280014038,-0.06997937709093094,0.504447340965271,0.8057513236999512,-0.08959036320447922,0.6462149024009705,0.5910105109214783,-0.036833710968494415,0.6053219437599182,0.459528386592865,-0.059594374150037766,0.5834357142448425,0.3731212615966797,-0.07785351574420929,0.5678478479385376,0.29577234387397766,-0.09260141849517822,0.6934055685997009,0.5451457500457764,-0.04198537394404411,0.6737073063850403,0.3812856078147888,-0.0612047016620636,0.662510097026825,0.2755242884159088,-0.07955256849527359,0.6538863182067871,0.1839621365070343,-0.09448788315057755,0.7413219213485718,0.5411227941513062,-0.05117828771471977,0.7430976629257202,0.3863258957862854,-0.07655464112758636,0.7450593113899231,0.28764671087265015,-0.0987943485379219,0.7444847226142883,0.20063966512680054,-0.11493264138698578,0.7879773378372192,0.5704989433288574,-0.0628092885017395,0.8184220790863037,0.4644651412963867,-0.08885426074266434,0.8391531109809875,0.39047014713287354,-0.10352805256843567,0.8542468547821045,0.3209109604358673,-0.11393796652555466,mano_abierta
0.7818272709846497,0.8786670565605164,6.069993787605199e-07,0.7121656537055969,0.858137845993042,-0.03287690505385399,0.641900897026062,0.8101401329040527,-0.05345356836915016,0.5825762152671814,0.7841486930847168,-0.07159676402807236,0.5313169360160828,0.7978414297103882,-0.09151031821966171,0.6695100665092468,0.5839966535568237,-0.04025553539395332,0.6271089911460876,0.4544583559036255,-0.06365235894918442,0.6034641265869141,0.37053385376930237,-0.08221602439880371,0.5860741138458252,0.2939596176147461,-0.09729361534118652,0.7149253487586975,0.5367750525474548,-0.045262228697538376,0.6918399333953857,0.37497010827064514,-0.0653926208615303,0.6793588995933533,0.2701711058616638,-0.08404303342103958,0.6695092916488647,0.17744803428649902,-0.09936633706092834,0.7619552612304688,0.5317601561546326,-0.05411198362708092,0.762356162071228,0.3759837746620178,-0.08061619102954865,0.7648919224739075,0.27571284770965576,-0.1036510318517685,0.7645924091339111,0.18691697716712952,-0.1204574778676033,0.8086123466491699,0.5607029795646667,-0.06530220061540604,0.8392289876937866,0.4519646465778351,-0.09291311353445053,0.8602792024612427,0.37523236870765686,-0.10885881632566452,0.8755326271057129,0.3029105067253113,-0.1201978400349617,mano_abierta
0.7955076694488525,0.8692592978477478,6.032300348124409e-07,0.7264633178710938,0.8462555408477783,-0.032565273344516754,0.6560584902763367,0.7960788011550903,-0.052457768470048904,0.5961577296257019,0.7681256532669067,-0.06976315379142761,0.5447561740875244,0.7792545557022095,-0.08874516189098358,0.6845733523368835,0.5735909342765808,-0.03996162489056587,0.6422119736671448,0.4439600110054016,-0.06296347826719284,0.6178547143936157,0.3599780201911926,-0.08116292208433151,0.6002160906791687,0.2838570177555084,-0.09596546739339828,0.7293779253959656,0.5262995958328247,-0.044595737010240555,0.7064010500907898,0.36467063426971436,-0.06436124444007874,0.6938249468803406,0.2597484290599823,-0.08265829086303711,0.6841261386871338,0.16742601990699768,-0.0976983904838562,0.7761521339416504,0.5205056071281433,-0.05302111431956291,0.7769354581832886,0.3636575937271118,-0.07903463393449783,0.7796218395233154,0.26279354095458984,-0.1022321879863739,0.7796108722686768,0.17390692234039307,-0.11929792910814285,0.8225194811820984,0.5490246415138245,-0.06374214589595795,0.8541312217712402,0.4412275552749634,-0.09141141921281815,0.8753563165664673,0.36453133821487427,-0.10797443985939026,0.8910592198371887,0.29270321130752563,-0.11974973976612091,mano_abierta
0.8080260753631592,0.8590957522392273,5.795400852548482e-07,0.7396785020828247,0.8389410972595215,-0.03525112569332123,0.6715800762176514,0.7755780816078186,-0.05618928745388985,0.6146613955497742,0.7216612100601196,-0.07422951608896255,0.5626909732818604,0.7093464136123657,-0.09367311000823975,0.700473964214325,0.5608993768692017,-0.04136122763156891,0.6576988697052002,0.43580055236816406,-0.06653277575969696,0.6328232884407043,0.35300424695014954,-0.08685276657342911,0.6155822277069092,0.274288535118103,-0.10338325053453445,0.7462230920791626,0.5112745761871338,-0.045533325523138046,0.7255665063858032,0.35123875737190247,-0.06800878793001175,0.7135242223739624,0.24639436602592468,-0.08852196484804153,0.7037911415100098,0.15202459692955017,-0.10497178137302399,0.793343722820282,0.5058832168579102,-0.05370648577809334,0.7977702617645264,0.3481294512748718,-0.0828329548239708,0.8029400110244751,0.24713781476020813,-0.1069389209151268,0.8044955134391785,0.15709343552589417,-0.12428683042526245,0.8392817974090576,0.5367329716682434,-0.06429606676101685,0.8737434148788452,0.4295847415924072,-0.09427143633365631,0.8967735171318054,0.3538174629211426,-0.11141371726989746,0.9139423370361328,0.28124532103538513,-0.12338193506002426,mano_abierta
0.8127726912498474,0.8519948124885559,5.732088084187126e-07,0.7438526153564453,0.833734929561615,-0.03795686736702919,0.6801148653030396,0.7539878487586975,-0.05658760294318199,0.6294683814048767,0.6759253144264221,-0.07154814153909683,0.5770955085754395,0.6446800231933594,-0.08720942586660385,0.7045891880989075,0.5471217036247253,-0.03605504706501961,0.6658211350440979,0.42413967847824097,-0.05881259962916374,0.6425204873085022,0.3426244854927063,-0.07788757234811783,0.6266334652900696,0.26335471868515015,-0.09409189969301224,0.7507522106170654,0.4980885684490204,-0.0382465198636055,0.7302337884902954,0.34199655055999756,-0.059280022978782654,0.7177695035934448,0.23836198449134827,-0.08012333512306213,0.7074773907661438,0.1427631974220276,-0.09686996042728424,0.7979328036308289,0.49619728326797485,-0.044937312602996826,0.8053470849990845,0.3412838578224182,-0.07517993450164795,0.8114489912986755,0.23730745911598206,-0.10093748569488525,0.813005805015564,0.14059185981750488,-0.11922981590032578,0.8439314365386963,0.530410885810852,-0.05405471473932266,0.8824682831764221,0.4256459176540375,-0.08664418756961823,0.9084052443504333,0.3510463535785675,-0.10565520077943802,0.9272112846374512,0.27722758054733276,-0.11866088956594467,mano_abierta
0.8129203915596008,0.8526390194892883,5.310438382366556e-07,0.7409168481826782,0.8292453289031982,-0.03407638520002365,0.6774784922599792,0.7350915670394897,-0.047788653522729874,0.6338916420936584,0.6398763656616211,-0.05828463286161423,0.5846461057662964,0.5948948264122009,-0.0695502758026123,0.6995291113853455,0.5453400015830994,-0.027684353291988373,0.6617051362991333,0.42326226830482483,-0.0488630048930645,0.6410725712776184,0.3405512571334839,-0.06672616302967072,0.6282511949539185,0.2598750591278076,-0.08187413960695267,0.7483795881271362,0.4965994358062744,-0.030880091711878777,0.7276280522346497,0.33821386098861694,-0.04968952015042305,0.7156606316566467,0.23468077182769775,-0.06989146023988724,0.7062656283378601,0.14096537232398987,-0.08613157272338867,0.7973407506942749,0.4946514666080475,-0.03866500034928322,0.8055877685546875,0.3413851261138916,-0.067597895860672,0.8117502927780151,0.2361719012260437,-0.09287108480930328,0.8133032917976379,0.139530211687088,-0.11073460429906845,0.8455771207809448,0.5279748439788818,-0.04851910471916199,0.883614182472229,0.4212764501571655,-0.08007432520389557,0.9108830094337463,0.34765371680259705,-0.09805940091609955,0.9304386973381042,0.27663037180900574,-0.11026499420404434,mano_abierta
0.8174930214881897,0.8526469469070435,5.135145784151973e-07,0.7454834580421448,0.8300475478172302,-0.03376417234539986,0.6807345151901245,0.7366506457328796,-0.04748963192105293,0.6363967657089233,0.6408430933952332,-0.05818694829940796,0.5864889025688171,0.5934749841690063,-0.06950859725475311,0.699199914932251,0.5523315072059631,-0.02678544446825981,0.6592435240745544,0.43215200304985046,-0.048188187181949615,0.6370729207992554,0.3497345447540283,-0.06588887423276901,0.6219894289970398,0.2700766623020172,-0.08068524301052094,0.7472657561302185,0.5027744770050049,-0.03015146590769291,0.7227356433868408,0.3457221984863281,-0.049068860709667206,0.7074037194252014,0.24582439661026,-0.06872369349002838,0.6945258975028992,0.15583011507987976,-0.08430835604667664,0.796524167060852,0.49736177921295166,-0.03818615525960922,0.7956022620201111,0.3450847268104553,-0.06732173264026642,0.7940416932106018,0.24149635434150696,-0.0923137441277504,0.7894983887672424,0.1470697522163391,-0.1099390760064125,0.8461789488792419,0.526299238204956,-0.04828738421201706,0.8811842203140259,0.42024385929107666,-0.07977958768606186,0.9072903394699097,0.3460334837436676,-0.09786979854106903,0.9262436032295227,0.2753477096557617,-0.11011309921741486,mano_abierta
0.8328828811645508,0.8502722978591919,5.248784873401746e-07,0.7593790292739868,0.8320119380950928,-0.03348842263221741,0.6903871297836304,0.7458833456039429,-0.04668391868472099,0.6441400051116943,0.6570731401443481,-0.057088401168584824,0.5960257053375244,0.6055190563201904,-0.06753965467214584,0.7016423940658569,0.5590378046035767,-0.02391047030687332,0.6581887006759644,0.43986767530441284,-0.04565240442752838,0.6356359124183655,0.35902759432792664,-0.06378712505102158,0.6191896796226501,0.28213050961494446,-0.07831995189189911,0.7471498847007751,0.5116089582443237,-0.02657368592917919,0.7163317799568176,0.35907062888145447,-0.04532647877931595,0.698417067527771,0.2608288526535034,-0.064413882791996,0.6825158596038818,0.171639084815979,-0.0793512836098671,0.7962720394134521,0.5018823146820068,-0.03430745378136635,0.7804144620895386,0.35575154423713684,-0.061131250113248825,0.7689047455787659,0.2574180066585541,-0.08335325121879578,0.7559268474578857,0.16698911786079407,-0.09917204082012177,0.8487198352813721,0.5208926200866699,-0.04459860920906067,0.8718100786209106,0.411543071269989,-0.0725107342004776,0.8901543617248535,0.33532124757766724,-0.08846072852611542,0.9028400778770447,0.26278364658355713,-0.09939155727624893,mano_abierta
0.8405135869979858,0.8525898456573486,5.183457005841774e-07,0.7683019638061523,0.8322737216949463,-0.03347263112664223,0.6996151208877563,0.7512949109077454,-0.04774931073188782,0.6517961621284485,0.6706665754318237,-0.0591442734003067,0.6052699089050293,0.6178157925605774,-0.07036866992712021,0.7104155421257019,0.560155987739563,-0.025042710825800896,0.6688017249107361,0.44036251306533813,-0.048251111060380936,0.6470028162002563,0.36014699935913086,-0.06762430816888809,0.631542444229126,0.28365665674209595,-0.08279475569725037,0.7542378902435303,0.5121139883995056,-0.02804413065314293,0.7231096625328064,0.36054766178131104,-0.04773586243391037,0.7037861347198486,0.2631895840167999,-0.06689920276403427,0.686296820640564,0.17625531554222107,-0.08172570168972015,0.801819920539856,0.5022306442260742,-0.03611057251691818,0.7859383821487427,0.358073890209198,-0.062276408076286316,0.7744225263595581,0.26107144355773926,-0.08240798860788345,0.7612262964248657,0.17253193259239197,-0.09674128144979477,0.8523500561714172,0.5222047567367554,-0.046941012144088745,0.8708270788192749,0.4122275710105896,-0.0732404887676239,0.8849679231643677,0.3347306251525879,-0.08703291416168213,0.8941800594329834,0.2615266740322113,-0.0964357778429985,mano_abierta
0.8458367586135864,0.8551727533340454,5.181925075703475e-07,0.774682343006134,0.8382302522659302,-0.034237779676914215,0.7059471011161804,0.764163613319397,-0.04972413182258606,0.6562604904174805,0.692631721496582,-0.06218055635690689,0.6114783883094788,0.6362878680229187,-0.07428669184446335,0.716127336025238,0.564281165599823,-0.02634657360613346,0.6771073341369629,0.4419279098510742,-0.0487232469022274,0.6560370922088623,0.3618081510066986,-0.06771734356880188,0.6410132050514221,0.28557753562927246,-0.08292689919471741,0.7594147324562073,0.5154004693031311,-0.029333531856536865,0.7273911237716675,0.36543750762939453,-0.04892994463443756,0.706792414188385,0.2678650915622711,-0.06843964755535126,0.6881659626960754,0.18003469705581665,-0.08373980224132538,0.8064252138137817,0.506321370601654,-0.037321895360946655,0.7937806248664856,0.358771950006485,-0.06358276307582855,0.785404622554779,0.2588602900505066,-0.0844295546412468,0.7738820910453796,0.16716191172599792,-0.09950947016477585,0.8561871647834778,0.5278481245040894,-0.048010244965553284,0.8751634955406189,0.4172317385673523,-0.07507433742284775,0.8886970281600952,0.3388770818710327,-0.08942917734384537,0.8968698382377625,0.2635195255279541,-0.09927794337272644,mano_abierta
0.8479574918746948,0.8614155054092407,5.153791562406695e-07,0.7764211893081665,0.8456512689590454,-0.032878171652555466,0.7064412832260132,0.7760536670684814,-0.04848610982298851,0.6535255312919617,0.7124052047729492,-0.06125833839178085,0.6063265800476074,0.662567138671875,-0.07398026436567307,0.7169861793518066,0.5694258213043213,-0.02699313685297966,0.6732803583145142,0.4521458148956299,-0.04853782430291176,0.6493734121322632,0.3759215474128723,-0.06679107993841171,0.6326711177825928,0.3020983040332794,-0.08180972188711166,0.7606081366539001,0.5185602903366089,-0.030946657061576843,0.7269582152366638,0.3679637312889099,-0.050369009375572205,0.7068105340003967,0.27029910683631897,-0.07005325704813004,0.689648449420929,0.18187132477760315,-0.08542896807193756,0.808993935585022,0.5111225843429565,-0.03959960862994194,0.801210343837738,0.35953211784362793,-0.06755682826042175,0.7984654307365417,0.2573271095752716,-0.09058531373739243,0.7922960519790649,0.16402077674865723,-0.10673140734434128,0.8594692945480347,0.5369771122932434,-0.050433337688446045,0.8830655813217163,0.42495420575141907,-0.0808800756931305,0.9012426137924194,0.3477877080440521,-0.09724947810173035,0.9133529663085938,0.27345582842826843,-0.10790900141000748,mano_abierta
0.8467303514480591,0.8621890544891357,5.019700211050804e-07,0.7740947604179382,0.8508367538452148,-0.029581600800156593,0.7015249729156494,0.7832077741622925,-0.04342464730143547,0.6474730968475342,0.7230901718139648,-0.05505478382110596,0.600001335144043,0.6840299367904663,-0.06733143329620361,0.7150998115539551,0.5724486112594604,-0.02518261782824993,0.6681311130523682,0.4589521288871765,-0.04496712237596512,0.6423076391220093,0.38502728939056396,-0.06215463578701019,0.624259889125824,0.3127998411655426,-0.07677709311246872,0.7591414451599121,0.519989550113678,-0.03054969199001789,0.7262858748435974,0.36965319514274597,-0.048642951995134354,0.707588255405426,0.2708616852760315,-0.06800412386655807,0.692683219909668,0.18112477660179138,-0.08339887112379074,0.8080551624298096,0.5120136737823486,-0.04015104100108147,0.8016293048858643,0.3593250513076782,-0.06754155457019806,0.7999160289764404,0.25765833258628845,-0.09132467955350876,0.7950756549835205,0.16431662440299988,-0.10826822370290756,0.8589146733283997,0.5388556122779846,-0.051528505980968475,0.8856711387634277,0.42809149622917175,-0.082283154129982,0.9049368500709534,0.3517518937587738,-0.09923054277896881,0.9180368185043335,0.2770271301269531,-0.11044880747795105,mano_abierta
0.848015546798706,0.8638037443161011,5.195017820369685e-07,0.7750007510185242,0.8520587682723999,-0.03116692043840885,0.701535165309906,0.7869364023208618,-0.04658665508031845,0.6449259519577026,0.7297815084457397,-0.05953199788928032,0.5969871878623962,0.6872631907463074,-0.07274994254112244,0.7133994102478027,0.5719141960144043,-0.026462635025382042,0.6658869385719299,0.45735812187194824,-0.04706696793437004,0.6393921971321106,0.3834714889526367,-0.06490010023117065,0.6208997964859009,0.3121544420719147,-0.07973998785018921,0.7575058341026306,0.520047128200531,-0.03126608207821846,0.7240867018699646,0.36772802472114563,-0.04954083263874054,0.7051488161087036,0.2681965231895447,-0.06856144964694977,0.6905083656311035,0.1794285774230957,-0.08351539075374603,0.8072019219398499,0.5119847059249878,-0.04056093469262123,0.7975823879241943,0.35981476306915283,-0.0674649029970169,0.7938826680183411,0.25756821036338806,-0.09054457396268845,0.7881534099578857,0.16398972272872925,-0.10698384791612625,0.8590458035469055,0.5382001996040344,-0.05188024044036865,0.8829853534698486,0.4263073205947876,-0.0820414125919342,0.9011757969856262,0.34928953647613525,-0.09845519065856934,0.9141945242881775,0.27456238865852356,-0.10914788395166397,mano_abierta
0.8453583121299744,0.8653784990310669,5.953056074758933e-07,0.7725165486335754,0.854321300983429,-0.034841448068618774,0.6983866691589355,0.794393002986908,-0.05314590409398079,0.6407060027122498,0.7430563569068909,-0.06828253716230392,0.591961681842804,0.715468168258667,-0.08348973840475082,0.7135946750640869,0.5755265355110168,-0.03296547010540962,0.6714381575584412,0.4485219120979309,-0.05461975932121277,0.6478376388549805,0.36766040325164795,-0.07287103682756424,0.6311883926391602,0.29266420006752014,-0.08784549683332443,0.7577093243598938,0.5270829796791077,-0.03638765215873718,0.7264726161956787,0.3683304488658905,-0.055065516382455826,0.7093905210494995,0.26440557837486267,-0.07315077632665634,0.6970818638801575,0.1734955906867981,-0.08784685283899307,0.8060480356216431,0.5185561776161194,-0.044466398656368256,0.7943000793457031,0.3629102408885956,-0.0691499188542366,0.7877768874168396,0.26131588220596313,-0.08924385160207748,0.780013918876648,0.16965508460998535,-0.10434398055076599,0.8571898937225342,0.5402153730392456,-0.0553327277302742,0.8756487369537354,0.42322760820388794,-0.08154727518558502,0.8885452747344971,0.342826247215271,-0.09547951072454453,0.8970890045166016,0.2658475935459137,-0.10531057417392731,mano_abierta
0.8421146273612976,0.868324875831604,6.154533025437559e-07,0.7688246369361877,0.8585599064826965,-0.03780774399638176,0.6958322525024414,0.8013817071914673,-0.05850006639957428,0.6385624408721924,0.751940906047821,-0.07561036199331284,0.5883911848068237,0.7315993309020996,-0.09306835383176804,0.715146541595459,0.5793876647949219,-0.03821153566241264,0.6736029386520386,0.45112019777297974,-0.06216397136449814,0.651073694229126,0.3685600161552429,-0.0819738358259201,0.6356443166732788,0.29176846146583557,-0.09782321751117706,0.7591975331306458,0.5324456095695496,-0.04075707122683525,0.7287903428077698,0.3720763921737671,-0.061987582594156265,0.7122650146484375,0.267309308052063,-0.08144937455654144,0.7008443474769592,0.17419394850730896,-0.09694139659404755,0.8065558671951294,0.5248185992240906,-0.04803699627518654,0.7952077388763428,0.36953240633010864,-0.07432157546281815,0.7880958318710327,0.2682045102119446,-0.09493914246559143,0.7802310585975647,0.176044762134552,-0.11016390472650528,0.8568239808082581,0.5463700294494629,-0.05835931748151779,0.8743749856948853,0.4286128282546997,-0.08464166522026062,0.8864004611968994,0.3483850359916687,-0.09846393018960953,0.8940575122833252,0.2711001932621002,-0.10834136605262756,mano_abierta
0.8259556889533997,0.8758957386016846,6.492652460110548e-07,0.7512150406837463,0.8568286895751953,-0.03729839622974396,0.677373468875885,0.7902967929840088,-0.05733329802751541,0.6182459592819214,0.7331073880195618,-0.07368830591440201,0.5673203468322754,0.7136378288269043,-0.09054237604141235,0.7087563872337341,0.5805078744888306,-0.041630811989307404,0.6727741360664368,0.44498658180236816,-0.06542985886335373,0.6537899971008301,0.3592373728752136,-0.08389026671648026,0.6410773396492004,0.28110918402671814,-0.09888475388288498,0.7557239532470703,0.5397894978523254,-0.044241148978471756,0.7329652905464172,0.37605130672454834,-0.0658653974533081,0.7215426564216614,0.27002277970314026,-0.0845658928155899,0.7141813635826111,0.17564985156059265,-0.09959325939416885,0.8041141033172607,0.5385814905166626,-0.05128956958651543,0.8010189533233643,0.3789646625518799,-0.08022597432136536,0.80002361536026,0.27666524052619934,-0.10272461920976639,0.7981042861938477,0.1845758855342865,-0.118808314204216,0.8537832498550415,0.5678034424781799,-0.0608961246907711,0.882492184638977,0.4521884024143219,-0.09195814281702042,0.9025497436523438,0.37259024381637573,-0.10916973650455475,0.9171826243400574,0.29650041460990906,-0.12077809125185013,mano_abierta
0.8074180483818054,0.8716088533401489,6.616725727326411e-07,0.7330267429351807,0.8464273810386658,-0.03495031222701073,0.6610989570617676,0.7719495892524719,-0.05344424024224281,0.6037870645523071,0.7106743454933167,-0.06874174624681473,0.5529901385307312,0.6894803047180176,-0.08472952246665955,0.6974149942398071,0.569043755531311,-0.03921467438340187,0.6671934723854065,0.4319678544998169,-0.06193102151155472,0.651377260684967,0.34580865502357483,-0.07927434146404266,0.6412128806114197,0.26837003231048584,-0.09361685067415237,0.7461530566215515,0.5330169200897217,-0.042879506945610046,0.7301942110061646,0.3698972761631012,-0.06389007717370987,0.7226272225379944,0.2621687054634094,-0.0825314074754715,0.7188381552696228,0.16662028431892395,-0.09753496199846268,0.7944790720939636,0.5375686883926392,-0.05074349418282509,0.8002043962478638,0.3809654116630554,-0.08064652234315872,0.8054746389389038,0.28085777163505554,-0.1043742448091507,0.8090560436248779,0.18958404660224915,-0.12111563980579376,0.8424568772315979,0.5741576552391052,-0.06075676530599594,0.8806086778640747,0.4696881175041199,-0.09448668360710144,0.9061763882637024,0.396431565284729,-0.11340207606554031,0.9256645441055298,0.32456573843955994,-0.12576328217983246,mano_abierta
0.7810827493667603,0.8669338226318359,6.470402240665862e-07,0.7089555859565735,0.8323373794555664,-0.03237885236740112,0.6399059891700745,0.7492561340332031,-0.0491408035159111,0.5860098600387573,0.6838840842247009,-0.0629802942276001,0.5375421047210693,0.6597726345062256,-0.0777561366558075,0.6795064806938171,0.5584424138069153,-0.037534985691308975,0.6546735167503357,0.42117661237716675,-0.05918639898300171,0.6415022611618042,0.3355809450149536,-0.07525523006916046,0.6336705088615417,0.2595195174217224,-0.0886586531996727,0.7294390797615051,0.5275892019271851,-0.0419124960899353,0.7214324474334717,0.3636248707771301,-0.06231178715825081,0.7185331583023071,0.2558669149875641,-0.08055299520492554,0.7192469835281372,0.16152355074882507,-0.0951109230518341,0.7773438692092896,0.537553608417511,-0.05011531710624695,0.7912881970405579,0.38580405712127686,-0.07951488345861435,0.8008666634559631,0.2871159315109253,-0.10364968329668045,0.8089033365249634,0.1972845494747162,-0.12069762498140335,0.8230269551277161,0.5796189904212952,-0.06009216234087944,0.8658336400985718,0.4855637550354004,-0.09340770542621613,0.8946114778518677,0.4185444116592407,-0.11229656636714935,0.9178314208984375,0.3517865538597107,-0.12468720972537994,mano_abierta
0.7694395780563354,0.8612192869186401,6.307753892542678e-07,0.6981366276741028,0.8279067277908325,-0.03191343694925308,0.6291598677635193,0.7468954920768738,-0.04841844365000725,0.5761173367500305,0.6820694208145142,-0.06191784143447876,0.5287125110626221,0.6563457250595093,-0.07637909054756165,0.6679413318634033,0.5553526878356934,-0.037518832832574844,0.6433199644088745,0.4190003573894501,-0.05845683813095093,0.6301406621932983,0.3346743583679199,-0.0739530548453331,0.6223511099815369,0.2599298059940338,-0.08697245270013809,0.7179757356643677,0.5246149897575378,-0.0417603999376297,0.7105531096458435,0.3630366325378418,-0.0614425465464592,0.7077863812446594,0.25711995363235474,-0.07917097210884094,0.7085689306259155,0.16440996527671814,-0.09353382140398026,0.7659540772438049,0.5347580909729004,-0.04975505173206329,0.780605673789978,0.38413095474243164,-0.07847045361995697,0.7904569506645203,0.2871721386909485,-0.10235502570867538,0.7988222241401672,0.19882330298423767,-0.11940878629684448,0.8112767338752747,0.5767110586166382,-0.05946064367890358,0.8530370593070984,0.4827522337436676,-0.09245281666517258,0.8811384439468384,0.4163542687892914,-0.11138271540403366,0.903922438621521,0.3497796058654785,-0.12389242649078369,mano_abierta
0.7538917064666748,0.8482478857040405,6.325145136543142e-07,0.683702290058136,0.8167662620544434,-0.029981033876538277,0.6152914762496948,0.736495852470398,-0.04619961604475975,0.5628876686096191,0.6721206903457642,-0.059756021946668625,0.5154929757118225,0.6480998396873474,-0.07448221743106842,0.6535141468048096,0.5421851277351379,-0.0361904576420784,0.6288646459579468,0.4070591926574707,-0.0563407801091671,0.6159761548042297,0.32426753640174866,-0.07147891074419022,0.6083908081054688,0.2512224614620209,-0.08420438319444656,0.7032327055931091,0.5129539966583252,-0.04120741784572601,0.6957636475563049,0.3527764081954956,-0.0599089190363884,0.6924710273742676,0.24900707602500916,-0.07745754718780518,0.6921483874320984,0.15859633684158325,-0.09187199175357819,0.7503991723060608,0.5234191417694092,-0.049761150032281876,0.7653854489326477,0.3732749819755554,-0.07733771950006485,0.7744200229644775,0.2762286067008972,-0.10142195969820023,0.7814562320709229,0.18893185257911682,-0.11890078336000443,0.7941411733627319,0.5653012990951538,-0.059816163033246994,0.8372541666030884,0.4698757231235504,-0.09146047383546829,0.8657099008560181,0.4021623730659485,-0.1102103739976883,0.8884064555168152,0.33507639169692993,-0.12286844849586487,mano_abierta
0.7368832230567932,0.8385248780250549,6.10499569120293e-07,0.66666179895401,0.8085139393806458,-0.02921060472726822,0.5978086590766907,0.727562427520752,-0.04464210569858551,0.5450019240379333,0.6645387411117554,-0.057656578719615936,0.49753856658935547,0.6424621343612671,-0.07201392203569412,0.6387965679168701,0.5328266620635986,-0.03510458394885063,0.6129338145256042,0.39814990758895874,-0.05427524074912071,0.5994004607200623,0.31571659445762634,-0.06899191439151764,0.5911721587181091,0.24289065599441528,-0.0815160721540451,0.6883280277252197,0.504657506942749,-0.03997655585408211,0.6805482506752014,0.3451865315437317,-0.057330477982759476,0.6761581301689148,0.2431042492389679,-0.07439933717250824,0.6747999787330627,0.15381547808647156,-0.08865934610366821,0.7356481552124023,0.5153355002403259,-0.048232175409793854,0.7495061159133911,0.3628975749015808,-0.0740385577082634,0.7571995854377747,0.26539576053619385,-0.09730734676122665,0.7629278898239136,0.17794418334960938,-0.11447104811668396,0.7795147895812988,0.5567241907119751,-0.05801905691623688,0.8209196329116821,0.45797744393348694,-0.08794480562210083,0.8482648134231567,0.3887643814086914,-0.10577331483364105,0.8703095316886902,0.32145434617996216,-0.1179223507642746,mano_abierta
0.703258752822876,0.8344422578811646,6.051694754205528e-07,0.6319516897201538,0.8050951957702637,-0.029967473819851875,0.5615614056587219,0.7260739803314209,-0.04525050148367882,0.5075400471687317,0.6633646488189697,-0.058008626103401184,0.4604826271533966,0.6385412216186523,-0.07173778116703033,0.6016153693199158,0.5270403027534485,-0.03248767927289009,0.5759884119033813,0.3951268792152405,-0.0504831038415432,0.5616106390953064,0.3142579197883606,-0.06486780941486359,0.5528112649917603,0.24248769879341125,-0.07740229368209839,0.6507145166397095,0.49724045395851135,-0.036655984818935394,0.6435900926589966,0.33968493342399597,-0.05267596244812012,0.6375514268875122,0.23809105157852173,-0.06948284804821014,0.6351222991943359,0.15033531188964844,-0.08369290828704834,0.6980085372924805,0.5063799023628235,-0.0444982573390007,0.7111189961433411,0.3547525405883789,-0.06911730021238327,0.717886745929718,0.2570223808288574,-0.0922316238284111,0.7233328223228455,0.1695968210697174,-0.10942192375659943,0.7418252229690552,0.5464411377906799,-0.05404254049062729,0.7818701863288879,0.44946151971817017,-0.08302000164985657,0.8077589273452759,0.3802796006202698,-0.10083964467048645,0.8292787075042725,0.3134320378303528,-0.11304961889982224,mano_abierta
0.673283040523529,0.8364896178245544,6.026859296071052e-07,0.6013013124465942,0.8073284029960632,-0.028797436505556107,0.5317450761795044,0.7278366088867188,-0.04384111613035202,0.47841018438339233,0.6661738157272339,-0.05671089142560959,0.4317285418510437,0.6402174234390259,-0.07069800049066544,0.5724886059761047,0.5246243476867676,-0.030617736279964447,0.5449526309967041,0.39478209614753723,-0.04860466346144676,0.5290641784667969,0.31395748257637024,-0.06368077546358109,0.518388032913208,0.24131980538368225,-0.07691175490617752,0.6209087371826172,0.4948923885822296,-0.035727567970752716,0.613381028175354,0.3384288549423218,-0.05150625482201576,0.6076250076293945,0.23716935515403748,-0.06874147057533264,0.605279803276062,0.1490980088710785,-0.08326515555381775,0.6674680709838867,0.5057782530784607,-0.04444509372115135,0.6799862384796143,0.3550814986228943,-0.06892894953489304,0.6858595609664917,0.2583865821361542,-0.09231153875589371,0.6901658177375793,0.17095977067947388,-0.1097913309931755,0.7101216912269592,0.548914909362793,-0.0548299141228199,0.7509560585021973,0.454605370759964,-0.08436194807291031,0.7768961191177368,0.3866829574108124,-0.10247166454792023,0.79840487241745,0.3196355104446411,-0.11478312313556671,mano_abierta
0.6399363875389099,0.841192364692688,6.673213306385151e-07,0.5681160688400269,0.8094245195388794,-0.03127569705247879,0.4991697371006012,0.730099081993103,-0.04743093252182007,0.4456430673599243,0.6681989431381226,-0.06094798073172569,0.3983097970485687,0.6445307731628418,-0.0754871517419815,0.5378451347351074,0.5305536985397339,-0.034563519060611725,0.5092993378639221,0.3956124484539032,-0.054977450519800186,0.4959679841995239,0.3109438419342041,-0.07080628722906113,0.4886763393878937,0.23537999391555786,-0.08384352177381516,0.5867233872413635,0.5006194114685059,-0.03905632719397545,0.5795276165008545,0.33915790915489197,-0.05691082030534744,0.5770993232727051,0.23495683073997498,-0.07457674294710159,0.5781596899032593,0.14489871263504028,-0.08887316286563873,0.6331729888916016,0.5117767453193665,-0.0474255345761776,0.6491696238517761,0.360797256231308,-0.07380732148885727,0.657321035861969,0.26534146070480347,-0.09737460315227509,0.6635851263999939,0.17913681268692017,-0.11433275789022446,0.6756471991539001,0.5548171401023865,-0.057623621076345444,0.7171032428741455,0.45977911353111267,-0.08792248368263245,0.7440891265869141,0.39275896549224854,-0.105691097676754,0.7656164169311523,0.32659322023391724,-0.1174669936299324,mano_abierta
0.6249934434890747,0.8437554836273193,6.686596520921739e-07,0.5549622774124146,0.8132425546646118,-0.032613951712846756,0.48761144280433655,0.7308362722396851,-0.04952920600771904,0.4347405433654785,0.6662959456443787,-0.06338990479707718,0.38754698634147644,0.638942301273346,-0.07819261401891708,0.5250879526138306,0.5305719375610352,-0.036109644919633865,0.4967558979988098,0.39655956625938416,-0.05694380775094032,0.48369455337524414,0.3120412826538086,-0.07307992875576019,0.4768160283565521,0.23625662922859192,-0.08647079020738602,0.573843240737915,0.5002496242523193,-0.04032588005065918,0.5675210952758789,0.3392831087112427,-0.05901471525430679,0.5657883286476135,0.23421958088874817,-0.07691103219985962,0.5670469999313354,0.14365291595458984,-0.09131942689418793,0.6198059320449829,0.5123695731163025,-0.04858184605836868,0.63685142993927,0.36188942193984985,-0.07595603168010712,0.6457804441452026,0.26525986194610596,-0.10026593506336212,0.6524112224578857,0.17762359976768494,-0.11777961254119873,0.6612743735313416,0.5571408271789551,-0.0587109699845314,0.7039783000946045,0.46397289633750916,-0.09010929614305496,0.7314749956130981,0.39691174030303955,-0.1089177280664444,0.7531027793884277,0.3295555114746094,-0.12153749912977219,mano_abierta
0.6124569773674011,0.8436052799224854,6.68505265366548e-07,0.5419936180114746,0.813542366027832,-0.03335054591298103,0.4772456884384155,0.7278257608413696,-0.051087819039821625,0.42624858021736145,0.6575841903686523,-0.06557423621416092,0.3785776197910309,0.6290982365608215,-0.08096779882907867,0.5164372324943542,0.5288098454475403,-0.037699371576309204,0.48939603567123413,0.39416491985321045,-0.05895984545350075,0.4773576259613037,0.3094707131385803,-0.07539788633584976,0.47162938117980957,0.23263493180274963,-0.08911210298538208,0.5650299191474915,0.5002816319465637,-0.04224249720573425,0.5585206151008606,0.3392609655857086,-0.061713483184576035,0.5570611953735352,0.23267626762390137,-0.08013051748275757,0.5590717792510986,0.14029115438461304,-0.09486409276723862,0.6105204820632935,0.5152573585510254,-0.05076984316110611,0.6293959617614746,0.36702820658683777,-0.07906576991081238,0.6391603946685791,0.2689785957336426,-0.10390821844339371,0.6467793583869934,0.17976114153862,-0.12172430753707886,0.651175320148468,0.5628209114074707,-0.06116379424929619,0.6940573453903198,0.4704185724258423,-0.09329617768526077,0.7214001417160034,0.4035574793815613,-0.11223503947257996,0.7429424524307251,0.335625022649765,-0.12496843934059143,mano_abierta
0.605471670627594,0.8388509750366211,6.373425662786758e-07,0.5348424315452576,0.8091466426849365,-0.029346738010644913,0.4713061451911926,0.7159927487373352,-0.04376663640141487,0.4243413507938385,0.6415279507637024,-0.055611129850149155,0.37889283895492554,0.6105570793151855,-0.06888937950134277,0.5125896334648132,0.5262169241905212,-0.03394966945052147,0.48916885256767273,0.38999807834625244,-0.05333935469388962,0.47799932956695557,0.3050369620323181,-0.0682288110256195,0.471920371055603,0.22859808802604675,-0.08102187514305115,0.5596239566802979,0.5029042363166809,-0.039821647107601166,0.556194543838501,0.34134814143180847,-0.0583048053085804,0.554969310760498,0.23447585105895996,-0.07650486379861832,0.5569268465042114,0.1422002613544464,-0.0910065770149231,0.6022634506225586,0.5225479006767273,-0.04914180934429169,0.6244412660598755,0.37602534890174866,-0.07695700973272324,0.6357278823852539,0.2795912027359009,-0.101795993745327,0.6447826623916626,0.1906614601612091,-0.11967086791992188,0.6390910744667053,0.574124813079834,-0.05984900891780853,0.682216465473175,0.48909682035446167,-0.09269571304321289,0.7108497619628906,0.42893359065055847,-0.1114223450422287,0.7347190976142883,0.3669891059398651,-0.12382728606462479,mano_abierta
0.585725724697113,0.8379623889923096,6.271295660553733e-07,0.518860936164856,0.7913429737091064,-0.02142483927309513,0.4664050042629242,0.6875219345092773,-0.03414561599493027,0.4273473918437958,0.606939435005188,-0.045857056975364685,0.38518306612968445,0.5548933148384094,-0.05973122641444206,0.5063728094100952,0.5233379602432251,-0.03135579824447632,0.49187883734703064,0.3849504590034485,-0.0541214644908905,0.48432305455207825,0.29871442914009094,-0.07067111879587173,0.47979333996772766,0.21944981813430786,-0.08421189337968826,0.5482310056686401,0.5142907500267029,-0.04217137396335602,0.554658055305481,0.35738450288772583,-0.0631912499666214,0.5569674968719482,0.2513803541660309,-0.08258908987045288,0.5609561800956726,0.15864035487174988,-0.09779447317123413,0.5834198594093323,0.5469611287117004,-0.0556454174220562,0.6128135919570923,0.4090094566345215,-0.08514707535505295,0.6259463429450989,0.3136375844478607,-0.10926302522420883,0.6365154385566711,0.2234804928302765,-0.1267894208431244,0.611139714717865,0.6126346588134766,-0.06975749880075455,0.6532050371170044,0.5447793006896973,-0.10473650693893433,0.6818138360977173,0.4949169158935547,-0.12263309955596924,0.70682692527771,0.4437059760093689,-0.13422870635986328,mano_abierta
0.5739492774009705,0.827505886554718,6.216767474143126e-07,0.510953426361084,0.7786460518836975,-0.01875772327184677,0.4628903269767761,0.6744636297225952,-0.03167489916086197,0.4279680848121643,0.5948783159255981,-0.04405667632818222,0.3882119655609131,0.5380653738975525,-0.0590222142636776,0.5015964508056641,0.5130336880683899,-0.0332740880548954,0.488800585269928,0.3775431215763092,-0.058102793991565704,0.4835484027862549,0.29248282313346863,-0.07614843547344208,0.4812747836112976,0.21455341577529907,-0.09064412862062454,0.5411431789398193,0.5122796297073364,-0.046185459941625595,0.5494016408920288,0.3574591875076294,-0.06914367526769638,0.5535228252410889,0.252411425113678,-0.08990570902824402,0.5583158731460571,0.15917155146598816,-0.10612358152866364,0.5743447542190552,0.5523324608802795,-0.06134093180298805,0.603222131729126,0.41821449995040894,-0.09210232645273209,0.6158556938171387,0.324282169342041,-0.11658468097448349,0.6254274249076843,0.2341514527797699,-0.1344575434923172,0.6002600193023682,0.6235033869743347,-0.07678632438182831,0.639248251914978,0.5573962330818176,-0.11227621883153915,0.6666724681854248,0.5091580152511597,-0.12994930148124695,0.6902786493301392,0.4594421088695526,-0.141615092754364,mano_abierta
0.5702912211418152,0.8301733136177063,6.291695058280311e-07,0.509016215801239,0.7823070287704468,-0.020005663856863976,0.4610941410064697,0.6784319877624512,-0.033179979771375656,0.4286486506462097,0.5979931950569153,-0.04552062973380089,0.3901875615119934,0.5423994660377502,-0.06053479015827179,0.4981626272201538,0.5153358578681946,-0.03547661006450653,0.4863315522670746,0.3810095191001892,-0.0616639107465744,0.482048362493515,0.295157790184021,-0.08073091506958008,0.4806143045425415,0.21647122502326965,-0.09589453041553497,0.5385819673538208,0.5137880444526672,-0.0481233112514019,0.5466065406799316,0.3592710494995117,-0.07246521860361099,0.5506621599197388,0.25380218029022217,-0.09410880506038666,0.5555981397628784,0.15920385718345642,-0.11058066785335541,0.5725748538970947,0.5536038875579834,-0.06305663287639618,0.6003045439720154,0.4211660325527191,-0.0951617956161499,0.6113151907920837,0.3281654119491577,-0.12049876898527145,0.620067834854126,0.23815366625785828,-0.13862530887126923,0.5998179912567139,0.624518632888794,-0.07839739322662354,0.6383277773857117,0.5649468898773193,-0.1155552938580513,0.6649760007858276,0.518489420413971,-0.13451969623565674,0.6883196234703064,0.46813535690307617,-0.14672629535198212,mano_abierta
0.5835960507392883,0.8482248783111572,6.36236165973969e-07,0.5168405175209045,0.7995256185531616,-0.02218726836144924,0.4646526873111725,0.6955302357673645,-0.035156868398189545,0.4269314408302307,0.6145339608192444,-0.04705902189016342,0.3872171640396118,0.5620627999305725,-0.060792647302150726,0.5070825815200806,0.5278005003929138,-0.03154676780104637,0.49196216464042664,0.3900446891784668,-0.05516839027404785,0.4857189953327179,0.3015189468860626,-0.07314471155405045,0.4825722277164459,0.22170966863632202,-0.08775240182876587,0.549860417842865,0.5181287527084351,-0.041986994445323944,0.5552706718444824,0.3638039827346802,-0.06391026824712753,0.5577868819236755,0.25876107811927795,-0.08432172983884811,0.5618100166320801,0.16600871086120605,-0.09996368736028671,0.5865219831466675,0.5505348443984985,-0.05511818826198578,0.6130677461624146,0.4131914973258972,-0.08449307829141617,0.625515878200531,0.31825506687164307,-0.10886608064174652,0.6367089748382568,0.2301025092601776,-0.12646929919719696,0.6157777905464172,0.6164721250534058,-0.06909209489822388,0.6598198413848877,0.5537911057472229,-0.10386280715465546,0.6891125440597534,0.5035868883132935,-0.12238623946905136,0.7152559161186218,0.45155441761016846,-0.13420258462429047,mano_abierta
0.6204841136932373,0.8681244850158691,6.085926997911884e-07,0.5498009324073792,0.8245277404785156,-0.028178395703434944,0.4864100515842438,0.7284292578697205,-0.04242812469601631,0.4396058917045593,0.6493135690689087,-0.05470721051096916,0.39596617221832275,0.6105013489723206,-0.06807360053062439,0.5337988138198853,0.5430836081504822,-0.03190542384982109,0.5107576251029968,0.40058085322380066,-0.05183995142579079,0.499362587928772,0.3118607997894287,-0.06739691644906998,0.4921666085720062,0.23353025317192078,-0.08056942373514175,0.5817486047744751,0.5195574164390564,-0.038323722779750824,0.5788255929946899,0.3582721948623657,-0.056795716285705566,0.5790033340454102,0.25277242064476013,-0.07531948387622833,0.5818970799446106,0.1636684536933899,-0.08991936594247818,0.626216471195221,0.53826504945755,-0.04814710095524788,0.6494461297988892,0.39197036623954773,-0.07572269439697266,0.6629509925842285,0.2980342209339142,-0.1006775051355362,0.6741901636123657,0.21464386582374573,-0.11847180128097534,0.6652122735977173,0.590793251991272,-0.05940518155694008,0.7122467756271362,0.5109179019927979,-0.09204930812120438,0.7436003684997559,0.45447009801864624,-0.11086557060480118,0.7708690762519836,0.3991506099700928,-0.12298884987831116,mano_abierta
0.6484213471412659,0.8774694204330444,6.321249657048611e-07,0.5763677358627319,0.8360033631324768,-0.031016692519187927,0.5109150409698486,0.7446298003196716,-0.04727993533015251,0.4601978659629822,0.669283390045166,-0.06108430027961731,0.41366779804229736,0.6312416195869446,-0.07583729922771454,0.5560386180877686,0.5554280877113342,-0.03471588343381882,0.5306861996650696,0.4171082675457001,-0.05612931400537491,0.5188279747962952,0.3295289874076843,-0.07303033769130707,0.5122188925743103,0.2506968379020691,-0.08690377324819565,0.6054937839508057,0.5259143710136414,-0.04020584374666214,0.6017639636993408,0.3626510500907898,-0.058920007199048996,0.6014341711997986,0.25532039999961853,-0.0773833617568016,0.6034365892410278,0.16376015543937683,-0.09199739247560501,0.6518037915229797,0.5399329662322998,-0.049460023641586304,0.6722373366355896,0.39011311531066895,-0.07734636962413788,0.6848044395446777,0.2953411042690277,-0.10216043144464493,0.6947599053382874,0.21122851967811584,-0.11969470232725143,0.6931652426719666,0.5888680219650269,-0.06043924391269684,0.7395671606063843,0.5016077160835266,-0.09311265498399734,0.7712277173995972,0.4430707097053528,-0.11159875988960266,0.7978293895721436,0.38663429021835327,-0.12340287119150162,mano_abierta
0.6747114658355713,0.8800801038742065,6.139891297607392e-07,0.6036657691001892,0.8421504497528076,-0.033830270171165466,0.5372980833053589,0.7593549489974976,-0.05224483460187912,0.4848850965499878,0.6888103485107422,-0.06774529069662094,0.4367629289627075,0.6546571254730225,-0.08415176719427109,0.581104040145874,0.5626412034034729,-0.0386328361928463,0.555732011795044,0.4261290729045868,-0.06197865679860115,0.5431798696517944,0.3380396068096161,-0.08019060641527176,0.5360071063041687,0.25818535685539246,-0.09493813663721085,0.6306793689727783,0.5292912721633911,-0.042923714965581894,0.6256039142608643,0.36695554852485657,-0.06351345032453537,0.6245505213737488,0.2606247067451477,-0.08233805745840073,0.6256359219551086,0.16790929436683655,-0.09730816632509232,0.677923858165741,0.5393534898757935,-0.05124997720122337,0.6968113780021667,0.39106816053390503,-0.08061841875314713,0.7094442844390869,0.2958120107650757,-0.10493378341197968,0.7191206216812134,0.21064549684524536,-0.12195570021867752,0.7211718559265137,0.5841553807258606,-0.06163964048027992,0.7655107378959656,0.4925965368747711,-0.0944770872592926,0.7967961430549622,0.431398868560791,-0.11263170838356018,0.8227335214614868,0.37204456329345703,-0.1243564784526825,mano_abierta
0.7097287774085999,0.8752548098564148,6.154688207971049e-07,0.6397351622581482,0.8417835235595703,-0.035798754543066025,0.5735806226730347,0.7646965980529785,-0.05584896355867386,0.5196932554244995,0.695608377456665,-0.07268621027469635,0.4700106680393219,0.6639472842216492,-0.09029944986104965,0.6153255105018616,0.5649532079696655,-0.04080786183476448,0.5886670351028442,0.4283897578716278,-0.06504034250974655,0.5757389664649963,0.34016454219818115,-0.08401677757501602,0.5689843893051147,0.2604203224182129,-0.09910942614078522,0.6639744639396667,0.5283458828926086,-0.04376835376024246,0.6564478874206543,0.36454835534095764,-0.06453082710504532,0.6548189520835876,0.2582622170448303,-0.08300086110830307,0.6558546423912048,0.1673210859298706,-0.09782273322343826,0.7110697031021118,0.5344654321670532,-0.050946831703186035,0.727476179599762,0.38301795721054077,-0.07940620183944702,0.7400364875793457,0.2874390184879303,-0.10231637954711914,0.7499988079071045,0.20411905646324158,-0.11851776391267776,0.7549741864204407,0.575408935546875,-0.06052656099200249,0.797727644443512,0.4792191684246063,-0.09175903350114822,0.827871561050415,0.41392770409584045,-0.10897020250558853,0.8526052236557007,0.35255855321884155,-0.12023277580738068,mano_abierta
0.7226043343544006,0.8669875860214233,6.193743047333555e-07,0.6541098356246948,0.8336544036865234,-0.03520278260111809,0.5900945663452148,0.7583316564559937,-0.05492540821433067,0.5381948351860046,0.691545307636261,-0.07154933363199234,0.489065945148468,0.6628384590148926,-0.0890166237950325,0.6301606297492981,0.5586968660354614,-0.03939826413989067,0.6028847694396973,0.4230031967163086,-0.06224864721298218,0.5895493030548096,0.335529625415802,-0.0800633653998375,0.582807719707489,0.25755566358566284,-0.09446950256824493,0.6794283390045166,0.5221183896064758,-0.04254744574427605,0.6714306473731995,0.3607855439186096,-0.06266950815916061,0.6694439053535461,0.2549707293510437,-0.08102796971797943,0.6703475117683411,0.16444173455238342,-0.0959082767367363,0.7266303896903992,0.5275536775588989,-0.049914877861738205,0.7417398691177368,0.3789460062980652,-0.0778505951166153,0.7528603076934814,0.28255990147590637,-0.10132168978452682,0.7613826394081116,0.19791251420974731,-0.11823952198028564,0.7702739834785461,0.566490113735199,-0.05962766334414482,0.8130738735198975,0.4716840982437134,-0.09019884467124939,0.8427692651748657,0.4056399464607239,-0.10793083906173706,0.8667082786560059,0.342706561088562,-0.11995986849069595,mano_abierta
0.7322253584861755,0.85691899061203,6.190689987306541e-07,0.6653278470039368,0.8269072771072388,-0.03717567399144173,0.6021774411201477,0.7528852820396423,-0.05766914412379265,0.5523245334625244,0.6852853298187256,-0.07465457171201706,0.5051584839820862,0.6559427380561829,-0.09232232719659805,0.6414207220077515,0.5521701574325562,-0.041914064437150955,0.6152585744857788,0.417935848236084,-0.06573247909545898,0.6012744903564453,0.33171793818473816,-0.08430647850036621,0.5937590003013611,0.25335055589675903,-0.09940167516469955,0.6900071501731873,0.5163586735725403,-0.04408411681652069,0.6817535758018494,0.35917800664901733,-0.06570884585380554,0.6791039705276489,0.2542739510536194,-0.08486033976078033,0.6797443628311157,0.16121935844421387,-0.10029248893260956,0.7362921833992004,0.5214071273803711,-0.05053272843360901,0.750328540802002,0.37323734164237976,-0.07934834063053131,0.7607619166374207,0.2777928411960602,-0.10285572707653046,0.7687236070632935,0.1922565996646881,-0.11971217393875122,0.7796250581741333,0.5589766502380371,-0.059561509639024734,0.8216661214828491,0.4644410014152527,-0.0908665582537651,0.8502257466316223,0.39670708775520325,-0.10933542996644974,0.8734222650527954,0.33030208945274353,-0.12180610746145248,mano_abierta
0.7361278533935547,0.8550958633422852,6.315347036434105e-07,0.6698544025421143,0.8241982460021973,-0.0381941944360733,0.6077141761779785,0.7512431144714355,-0.05955095589160919,0.5573722720146179,0.6841334700584412,-0.07714653015136719,0.5094023942947388,0.6533586382865906,-0.09524880349636078,0.6461247205734253,0.5501452684402466,-0.04270558804273605,0.6202300190925598,0.41666123270988464,-0.06658454239368439,0.6060926914215088,0.3307083249092102,-0.08516176044940948,0.5984070897102356,0.2520183026790619,-0.10027861595153809,0.6945235729217529,0.5143076181411743,-0.04433424025774002,0.6863483786582947,0.3583647310733795,-0.06607691943645477,0.6833745241165161,0.2538641095161438,-0.0853801965713501,0.6834592223167419,0.1608567237854004,-0.10091029107570648,0.7406642436981201,0.5196030735969543,-0.05025442689657211,0.7547826766967773,0.3730420172214508,-0.07910126447677612,0.7650293707847595,0.27727290987968445,-0.10270927846431732,0.772564709186554,0.19088447093963623,-0.1196037232875824,0.7837563753128052,0.5569344758987427,-0.05879119038581848,0.8253345489501953,0.46254974603652954,-0.0898384302854538,0.8533682823181152,0.394654780626297,-0.10817094147205353,0.8760496377944946,0.3278028964996338,-0.12056952714920044,mano_abierta
0.7393728494644165,0.8528561592102051,6.30922329492023e-07,0.6732391715049744,0.8220153450965881,-0.037512633949518204,0.6119790077209473,0.747670590877533,-0.05865902081131935,0.5616095066070557,0.679589033126831,-0.07625375688076019,0.5132434964179993,0.6508920192718506,-0.09446112811565399,0.6503491401672363,0.5472810864448547,-0.041923295706510544,0.6251250505447388,0.4137115478515625,-0.06579380482435226,0.6113828420639038,0.32778045535087585,-0.08450525999069214,0.6041579246520996,0.24901998043060303,-0.09975828975439072,0.698811948299408,0.5122702717781067,-0.04386693239212036,0.6907953023910522,0.356200635433197,-0.06539259850978851,0.6881123781204224,0.2520904541015625,-0.08459586650133133,0.6883254051208496,0.15920335054397583,-0.10013753175735474,0.745112419128418,0.5175324082374573,-0.05006837844848633,0.7593743801116943,0.3711681365966797,-0.07858936488628387,0.7696268558502197,0.2756654918193817,-0.1019064262509346,0.7770177125930786,0.18972331285476685,-0.11869817227125168,0.7882933616638184,0.554641604423523,-0.058889973908662796,0.8300237059593201,0.4603877365589142,-0.08959349989891052,0.8580871820449829,0.39270415902137756,-0.10770565271377563,0.8806731700897217,0.32609808444976807,-0.1200447753071785,mano_abierta
0.7426513433456421,0.8531146049499512,6.390468456629605e-07,0.67623370885849,0.8226000070571899,-0.03863605484366417,0.6144345998764038,0.7479814887046814,-0.06007964909076691,0.5634607076644897,0.6794494986534119,-0.07778113335371017,0.5144220590591431,0.6503039598464966,-0.09598445892333984,0.6520100235939026,0.5478516817092896,-0.042686063796281815,0.6260589361190796,0.4142645597457886,-0.0669485479593277,0.6119998097419739,0.32817256450653076,-0.08590871840715408,0.6046433448791504,0.24858087301254272,-0.10137555748224258,0.7003594040870667,0.5119115114212036,-0.04401275888085365,0.6916786432266235,0.35634344816207886,-0.06605996936559677,0.6887248158454895,0.25185394287109375,-0.08565233647823334,0.6888749003410339,0.15788540244102478,-0.1014820784330368,0.7467090487480164,0.5165942907333374,-0.04969209060072899,0.7606931924819946,0.3709307014942169,-0.07871025055646896,0.7708863019943237,0.2760750651359558,-0.1021583154797554,0.7782331705093384,0.19042262434959412,-0.11894574016332626,0.7900733351707458,0.553066074848175,-0.05810501053929329,0.8316977620124817,0.458353728055954,-0.08928785473108292,0.8598830699920654,0.3902573585510254,-0.10774396359920502,0.8825110197067261,0.3231658339500427,-0.1202578991651535,mano_abierta
0.747839093208313,0.8500781059265137,6.393952389771584e-07,0.681088387966156,0.8214583396911621,-0.03860972821712494,0.6185480952262878,0.7484263777732849,-0.060079917311668396,0.5672096014022827,0.6808874011039734,-0.0778258889913559,0.5180604457855225,0.6537295579910278,-0.09612952917814255,0.6547244787216187,0.5464799404144287,-0.043022722005844116,0.6275627017021179,0.41341233253479004,-0.06718744337558746,0.6128445267677307,0.32801342010498047,-0.08604200184345245,0.6048341989517212,0.24907594919204712,-0.1014338955283165,0.7029668688774109,0.50948166847229,-0.04447295516729355,0.6936302781105042,0.3547142446041107,-0.06651388108730316,0.6900043487548828,0.25024834275245667,-0.0862230584025383,0.68950355052948,0.15606927871704102,-0.10217108577489853,0.7493036389350891,0.5133587718009949,-0.05023958906531334,0.7628727555274963,0.3671099841594696,-0.07935503870248795,0.772799551486969,0.27141889929771423,-0.10317519307136536,0.7799462676048279,0.1849651336669922,-0.12026560306549072,0.7927173376083374,0.549551784992218,-0.05870095640420914,0.8345182538032532,0.45413199067115784,-0.09011026471853256,0.862802267074585,0.3853797912597656,-0.10881596803665161,0.885498046875,0.31794530153274536,-0.12150561809539795,mano_abierta
0.7499456405639648,0.8489232063293457,6.403123506970587e-07,0.6838452816009521,0.8218008279800415,-0.039051949977874756,0.6208567023277283,0.7491303086280823,-0.06072511523962021,0.569050133228302,0.681158721446991,-0.07856278866529465,0.5195640325546265,0.6527778506278992,-0.09692958742380142,0.6561415195465088,0.5468370318412781,-0.04380495473742485,0.6285708546638489,0.41383999586105347,-0.06833063066005707,0.6135007739067078,0.32825154066085815,-0.08731767535209656,0.6052801609039307,0.24902662634849548,-0.10280188918113708,0.7043302059173584,0.5094456672668457,-0.04509279504418373,0.6942353248596191,0.3544327914714813,-0.06751396507024765,0.6901944279670715,0.24947908520698547,-0.08734077215194702,0.6894598603248596,0.1548709273338318,-0.10335700958967209,0.7508268356323242,0.5131418704986572,-0.050720565021038055,0.7638241648674011,0.36629539728164673,-0.08030547946691513,0.7735467553138733,0.2701694667339325,-0.1043255552649498,0.7806175351142883,0.18303364515304565,-0.12152332067489624,0.7945991158485413,0.5489930510520935,-0.05904436856508255,0.8362824320793152,0.4536628723144531,-0.09104384481906891,0.8645101189613342,0.3846732974052429,-0.11014345288276672,0.8872262835502625,0.31663981080055237,-0.12307489663362503,mano_abierta
0.7488613128662109,0.848841667175293,6.340518439174048e-07,0.6821587681770325,0.8196172714233398,-0.03827774152159691,0.6188899278640747,0.7440098524093628,-0.05937207490205765,0.5675340890884399,0.6743918657302856,-0.07672819495201111,0.5185481309890747,0.6443126201629639,-0.09463552385568619,0.6565865874290466,0.5453320741653442,-0.0434379018843174,0.6308979988098145,0.4121983051300049,-0.0676097422838211,0.6170422434806824,0.3274611234664917,-0.08608105033636093,0.6095749735832214,0.24905654788017273,-0.1012093722820282,0.7055854201316833,0.5099554061889648,-0.045154470950365067,0.6973826289176941,0.3543357849121094,-0.06757158041000366,0.694076418876648,0.24945068359375,-0.08737866580486298,0.693932056427002,0.15483403205871582,-0.10343720763921738,0.7523084878921509,0.5155760645866394,-0.05112214758992195,0.7681203484535217,0.3690955638885498,-0.08102325350046158,0.7788074016571045,0.27372488379478455,-0.10500947386026382,0.7864673137664795,0.18716266751289368,-0.12214364111423492,0.7959619164466858,0.5533888936042786,-0.059648554772138596,0.8393498659133911,0.45893874764442444,-0.09207496047019958,0.8686360716819763,0.3904673457145691,-0.1111571416258812,0.8920974135398865,0.3228940963745117,-0.1239972710609436,mano_abierta
0.7477244734764099,0.8491135835647583,6.164253818496945e-07,0.6822333335876465,0.8199935555458069,-0.03668234869837761,0.6191974878311157,0.7430409789085388,-0.05681922659277916,0.5683074593544006,0.6736655235290527,-0.07345753163099289,0.5198812484741211,0.6449481248855591,-0.09073454141616821,0.6568602919578552,0.54884272813797,-0.042033158242702484,0.6315268874168396,0.4160723090171814,-0.06527870148420334,0.6181548833847046,0.3315015435218811,-0.08290723711252213,0.6111636161804199,0.25390055775642395,-0.09746148437261581,0.705101728439331,0.5149470567703247,-0.044139277189970016,0.696715235710144,0.3594050407409668,-0.06598871201276779,0.6939465403556824,0.25530344247817993,-0.08526435494422913,0.6945369839668274,0.16249674558639526,-0.10085910558700562,0.7514045834541321,0.5210756659507751,-0.050313204526901245,0.7663417458534241,0.3752347528934479,-0.07973244786262512,0.7773592472076416,0.27995872497558594,-0.10362463444471359,0.785416841506958,0.1936238408088684,-0.12068410962820053,0.7949976921081543,0.5583111643791199,-0.05885566398501396,0.8374537229537964,0.4640394449234009,-0.09066395461559296,0.8666976690292358,0.3961331844329834,-0.10955087095499039,0.8902444243431091,0.32914331555366516,-0.1223827451467514,mano_abierta
0.7541536092758179,0.8508403301239014,5.698655058949953e-07,0.6896821856498718,0.8263118267059326,-0.03516590595245361,0.6271952390670776,0.7525378465652466,-0.05413778871297836,0.5770944356918335,0.6869341135025024,-0.06984059512615204,0.5296343564987183,0.6619138717651367,-0.08622802793979645,0.6615856885910034,0.5628089308738708,-0.03953484073281288,0.6345146298408508,0.43584683537483215,-0.06155771017074585,0.620497465133667,0.35494136810302734,-0.07838591188192368,0.6129315495491028,0.2809477150440216,-0.09245215356349945,0.7073912620544434,0.5275658965110779,-0.04173066467046738,0.6964643597602844,0.378388375043869,-0.06277108192443848,0.6929020881652832,0.27904191613197327,-0.08130209892988205,0.6927800178527832,0.19055429100990295,-0.09629831463098526,0.7519276738166809,0.5315107107162476,-0.04794290289282799,0.7640550136566162,0.3912135362625122,-0.07663338631391525,0.773993968963623,0.29908138513565063,-0.0998895913362503,0.7810238003730774,0.21484112739562988,-0.11654286831617355,0.7943421006202698,0.5658766031265259,-0.0564272403717041,0.833986222743988,0.4740901589393616,-0.08764204382896423,0.8618370890617371,0.4085475206375122,-0.10621882230043411,0.8840073347091675,0.3430503010749817,-0.11892563849687576,mano_abierta
0.7622369527816772,0.8529759049415588,5.456845997287019e-07,0.6983367800712585,0.8265283703804016,-0.0333767905831337,0.6377255916595459,0.7581744194030762,-0.05150835961103439,0.5886576771736145,0.6963403224945068,-0.06673642992973328,0.5423576831817627,0.672587513923645,-0.08255945146083832,0.6711175441741943,0.5743333101272583,-0.036171648651361465,0.6437984108924866,0.451063871383667,-0.05766581743955612,0.6300058364868164,0.37256714701652527,-0.07426685839891434,0.6225861310958862,0.30165982246398926,-0.08785029500722885,0.7160314917564392,0.5385351181030273,-0.03866855055093765,0.7041472792625427,0.39175087213516235,-0.058663468807935715,0.7002346515655518,0.2961018979549408,-0.07648564875125885,0.6998010277748108,0.21231898665428162,-0.09081191569566727,0.7600768208503723,0.5402165651321411,-0.045200154185295105,0.7710492610931396,0.4032174348831177,-0.07247414439916611,0.7796493768692017,0.31410953402519226,-0.0944368913769722,0.7858919501304626,0.23448878526687622,-0.11008814722299576,0.8019798994064331,0.572236955165863,-0.05396350100636482,0.8389389514923096,0.4825741648674011,-0.08322960138320923,0.8644833564758301,0.4188561737537384,-0.10027088224887848,0.8848447203636169,0.35662156343460083,-0.11186368018388748,mano_abierta
0.7775830030441284,0.8519659042358398,5.507067726284731e-07,0.7165414690971375,0.8269474506378174,-0.03406384214758873,0.6582256555557251,0.7609505653381348,-0.05265228450298309,0.6109415888786316,0.6995084285736084,-0.06806088238954544,0.5663732290267944,0.6763247847557068,-0.08398834615945816,0.6905684471130371,0.5789674520492554,-0.03747371584177017,0.664087176322937,0.4576933681964874,-0.05928510054945946,0.6513075232505798,0.3803258240222931,-0.07608877867460251,0.6445942521095276,0.31094977259635925,-0.0896187350153923,0.7336639761924744,0.5433647632598877,-0.03920559212565422,0.7232474684715271,0.3990554213523865,-0.05922451615333557,0.7202630043029785,0.3048202693462372,-0.07657168060541153,0.7202889919281006,0.2225756049156189,-0.09036572277545929,0.775827169418335,0.544791579246521,-0.04495490714907646,0.7868838906288147,0.40940403938293457,-0.07172182202339172,0.796504020690918,0.3228772282600403,-0.0930316373705864,0.8041160106658936,0.2467721700668335,-0.10810766369104385,0.8159059882164001,0.5766306519508362,-0.05307015776634216,0.8523623943328857,0.4897345006465912,-0.08185292780399323,0.8776383399963379,0.4280927777290344,-0.09860166162252426,0.8979874849319458,0.368633508682251,-0.1098591610789299,mano_abierta
0.782140851020813,0.8515301942825317,5.612266704702051e-07,0.7222429513931274,0.825749933719635,-0.034292008727788925,0.6651837825775146,0.759852409362793,-0.052975308150053024,0.6186279058456421,0.6984705924987793,-0.06833496689796448,0.5747925639152527,0.6746621131896973,-0.08409323543310165,0.6974835395812988,0.5802357792854309,-0.03750482201576233,0.6731199026107788,0.45989537239074707,-0.05889924243092537,0.6607524156570435,0.3827994465827942,-0.07558592408895493,0.6545010805130005,0.31278058886528015,-0.08913146704435349,0.7400152683258057,0.5450571775436401,-0.03867921978235245,0.7301036715507507,0.4024810791015625,-0.0582558736205101,0.7276433110237122,0.30866608023643494,-0.07554273307323456,0.728492796421051,0.22522643208503723,-0.08941161632537842,0.7818715572357178,0.5462756156921387,-0.043757688254117966,0.7930673956871033,0.41182926297187805,-0.06969915330410004,0.8027111291885376,0.32559874653816223,-0.09070975333452225,0.8102707862854004,0.24975547194480896,-0.10565465688705444,0.8217533230781555,0.5770634412765503,-0.05124785751104355,0.8581380844116211,0.48940762877464294,-0.07899209856987,0.8831840753555298,0.4270927906036377,-0.09538400173187256,0.9034913778305054,0.36728811264038086,-0.1064424142241478,mano_abierta
0.7829006910324097,0.8533995747566223,5.690394004886912e-07,0.7226278781890869,0.8311469554901123,-0.03614328056573868,0.6661152243614197,0.766505777835846,-0.05554792284965515,0.6206684112548828,0.7055872082710266,-0.0712980255484581,0.5777923464775085,0.6802610754966736,-0.08745072782039642,0.7001286745071411,0.5856792330741882,-0.03948327153921127,0.6767159104347229,0.46758079528808594,-0.06171267479658127,0.664697527885437,0.3910070061683655,-0.07915354520082474,0.6584474444389343,0.32021963596343994,-0.09336043149232864,0.7424731850624084,0.5514854192733765,-0.03986833989620209,0.7337039709091187,0.4111887812614441,-0.0604696162045002,0.7309367060661316,0.31789976358413696,-0.07850879430770874,0.7308882474899292,0.2327401041984558,-0.09300369024276733,0.783650279045105,0.5537561774253845,-0.044281523674726486,0.7950565218925476,0.42105212807655334,-0.07126791775226593,0.8044140338897705,0.33588355779647827,-0.0925091877579689,0.811320424079895,0.259292334318161,-0.10751566290855408,0.8230133056640625,0.5849329829216003,-0.051284532994031906,0.859571635723114,0.49713581800460815,-0.0799521654844284,0.8849254250526428,0.43508994579315186,-0.09675692021846771,0.9051454067230225,0.3746819496154785,-0.10806968063116074,mano_abierta
0.7822986841201782,0.8665152788162231,5.42608631803887e-07,0.7203769087791443,0.8481284379959106,-0.036602530628442764,0.6644796133041382,0.7813894748687744,-0.05606170371174812,0.6202828288078308,0.7169619798660278,-0.07175306975841522,0.575837254524231,0.6896027326583862,-0.08783455938100815,0.6984377503395081,0.6005686521530151,-0.03974251076579094,0.6749280691146851,0.4825105667114258,-0.06191917508840561,0.6623294949531555,0.4054924547672272,-0.07931020110845566,0.6556032299995422,0.3343318700790405,-0.09360392391681671,0.7409902811050415,0.5664317607879639,-0.04018523171544075,0.7314480543136597,0.4270017147064209,-0.060803044587373734,0.7279992699623108,0.3349049985408783,-0.07888821512460709,0.7274777293205261,0.25058212876319885,-0.09344341605901718,0.7821207046508789,0.5689840316772461,-0.04466734826564789,0.7924159169197083,0.4356974959373474,-0.07221005111932755,0.80247962474823,0.3504958152770996,-0.09348199516534805,0.8098796606063843,0.2724352180957794,-0.10849740356206894,0.8215028047561646,0.6007156372070312,-0.05173169821500778,0.8574513792991638,0.512276828289032,-0.08128618448972702,0.8831691145896912,0.450234979391098,-0.09832195192575455,0.9034389853477478,0.38903993368148804,-0.10973215103149414,mano_abierta
0.7834323644638062,0.9155136346817017,5.046308046985359e-07,0.7217075228691101,0.8976302742958069,-0.03422938287258148,0.6638637185096741,0.8326635360717773,-0.05315491557121277,0.6181751489639282,0.7761605381965637,-0.06892228126525879,0.5734729766845703,0.7529783844947815,-0.08548272401094437,0.6990511417388916,0.6524379253387451,-0.04014895111322403,0.6745633482933044,0.5348430871963501,-0.06223099306225777,0.6628298759460449,0.4591827392578125,-0.07924982160329819,0.6570894718170166,0.39015740156173706,-0.09301339834928513,0.7424205541610718,0.6194069385528564,-0.04231201484799385,0.7319106459617615,0.480259507894516,-0.06258725374937057,0.7288670539855957,0.38986700773239136,-0.08058255165815353,0.729806661605835,0.30845242738723755,-0.09509404748678207,0.7842268347740173,0.623074471950531,-0.04822297766804695,0.7940882444381714,0.4890061020851135,-0.07641281932592392,0.8047581911087036,0.4048958420753479,-0.0982849970459938,0.8135652542114258,0.32741081714630127,-0.11359020322561264,0.8243635892868042,0.6561239957809448,-0.05630839243531227,0.859711766242981,0.5652591586112976,-0.0866164118051529,0.8862125277519226,0.5051851272583008,-0.10358471423387527,0.9076566696166992,0.44610923528671265,-0.11487869173288345,mano_abierta
0.7884777784347534,0.9630079865455627,5.292904461384751e-07,0.7268021106719971,0.9475833177566528,-0.037221431732177734,0.6707507371902466,0.8865525126457214,-0.058962203562259674,0.6254717707633972,0.8292322158813477,-0.07716822624206543,0.5793451070785522,0.8083858489990234,-0.09634911268949509,0.7040776014328003,0.7042838335037231,-0.04587617889046669,0.6801593899726868,0.5855056047439575,-0.07045219838619232,0.6687549352645874,0.5087085962295532,-0.08889557421207428,0.6636918783187866,0.4383358955383301,-0.10350973159074783,0.7497737407684326,0.6702727675437927,-0.04793906211853027,0.7401021718978882,0.5289890170097351,-0.07010418176651001,0.7386507987976074,0.4378052353858948,-0.08888465911149979,0.741780161857605,0.3552173376083374,-0.10405295342206955,0.7932144999504089,0.6745377779006958,-0.05386510118842125,0.8064865469932556,0.5393508672714233,-0.08405382186174393,0.8186724185943604,0.45444363355636597,-0.10637571662664413,0.8289210796356201,0.3761403560638428,-0.12197433412075043,0.8348692059516907,0.7089164853096008,-0.062124527990818024,0.8718262910842896,0.6179884076118469,-0.09404565393924713,0.8994762897491455,0.559956967830658,-0.11083520203828812,0.9220007658004761,0.5035552382469177,-0.12194334715604782,mano_abierta
0.7931443452835083,1.0406506061553955,5.204096851230133e-07,0.7380723357200623,1.0195772647857666,-0.039018359035253525,0.6870078444480896,0.9624647498130798,-0.06417065113782883,0.6392890810966492,0.9145674705505371,-0.08579305559396744,0.5902081727981567,0.8947486281394958,-0.10862014442682266,0.7205106019973755,0.7794402837753296,-0.05206436291337013,0.6975520849227905,0.6579706072807312,-0.07846511900424957,0.6868715882301331,0.5781211853027344,-0.09798765182495117,0.682590663433075,0.5046965479850769,-0.11366839706897736,0.7683407664299011,0.7437784075737,-0.054098568856716156,0.7609232068061829,0.5993946194648743,-0.07790837436914444,0.7627050280570984,0.5051745176315308,-0.09724819660186768,0.7683762907981873,0.4192778468132019,-0.11314226686954498,0.8144506812095642,0.7496142387390137,-0.0598323792219162,0.8281422257423401,0.6109598278999329,-0.09124035388231277,0.8444464206695557,0.5228721499443054,-0.11418045312166214,0.8579310178756714,0.4414394497871399,-0.13042810559272766,0.8584996461868286,0.7861452102661133,-0.06793035566806793,0.8982946872711182,0.6946515440940857,-0.10006600618362427,0.9294275045394897,0.6340258121490479,-0.11722192168235779,0.9550173282623291,0.5735698342323303,-0.12905003130435944,mano_abierta
0.8113836050033569,1.0938340425491333,5.604032935480063e-07,0.7510349750518799,1.0603164434432983,-0.03280823305249214,0.6964513063430786,0.9944570064544678,-0.05356676131486893,0.6455347537994385,0.9436416029930115,-0.07226672768592834,0.5950572490692139,0.9247193336486816,-0.09205324947834015,0.7335202693939209,0.8068459033966064,-0.03856569901108742,0.7099569439888,0.684046745300293,-0.062170322984457016,0.6987174153327942,0.6041874885559082,-0.08073856681585312,0.6946468353271484,0.5298548936843872,-0.09591341018676758,0.7804746031761169,0.7706506848335266,-0.0427725613117218,0.7731398940086365,0.6230378746986389,-0.06409410387277603,0.7748419642448425,0.5261380672454834,-0.08281318098306656,0.7811505794525146,0.4382473826408386,-0.09799684584140778,0.8277090191841125,0.7755868434906006,-0.05071349814534187,0.8420701622962952,0.6311056613922119,-0.07951288670301437,0.8578662276268005,0.5428774952888489,-0.10159491747617722,0.8711988925933838,0.46212178468704224,-0.11714734882116318,0.8734878897666931,0.8128383159637451,-0.06082247570157051,0.9159127473831177,0.7228211760520935,-0.09152962267398834,0.9462752342224121,0.6590749025344849,-0.10854067653417587,0.9711618423461914,0.5956657528877258,-0.11996529251337051,mano_abierta
0.8130805492401123,1.0919989347457886,5.98642202476185e-07,0.7529094219207764,1.0538301467895508,-0.031843263655900955,0.6973059773445129,0.9872118234634399,-0.05092821642756462,0.6456710696220398,0.934749186038971,-0.06813737004995346,0.5950434803962708,0.9144755601882935,-0.08644890040159225,0.7345455884933472,0.800532877445221,-0.034415535628795624,0.7117976546287537,0.675190806388855,-0.056267719715833664,0.7007520198822021,0.5916411876678467,-0.07344480603933334,0.6974507570266724,0.5148193836212158,-0.08755204826593399,0.7817236185073853,0.7646610736846924,-0.03820740804076195,0.7764943242073059,0.6140345335006714,-0.057834524661302567,0.7783105969429016,0.5146946907043457,-0.07549376040697098,0.7851185202598572,0.42662450671195984,-0.08996793627738953,0.829137921333313,0.7705448269844055,-0.04591462388634682,0.8469751477241516,0.6277791857719421,-0.07336552441120148,0.8619571924209595,0.5356355905532837,-0.09580104053020477,0.8745641708374023,0.45298245549201965,-0.11182238161563873,0.874596357345581,0.8092500567436218,-0.055730849504470825,0.9204415678977966,0.7204466462135315,-0.08516950905323029,0.9521462917327881,0.655042290687561,-0.10223699361085892,0.9784293174743652,0.5901352167129517,-0.11401022225618362,mano_abierta
0.814853310585022,1.0685265064239502,6.100293603594764e-07,0.7539519667625427,1.0360167026519775,-0.033519256860017776,0.6995462775230408,0.9688928723335266,-0.05449334532022476,0.6476791501045227,0.9107986688613892,-0.07333094626665115,0.5962568521499634,0.8831787109375,-0.09304194897413254,0.7355051040649414,0.7794520258903503,-0.03682887926697731,0.712430477142334,0.6521714925765991,-0.05940442532300949,0.7007799744606018,0.5675156116485596,-0.07704819738864899,0.6973309516906738,0.49031391739845276,-0.09147977828979492,0.7836722731590271,0.7441766858100891,-0.04043328016996384,0.7772175669670105,0.5911335945129395,-0.05974765121936798,0.7784674167633057,0.4916083514690399,-0.07730592787265778,0.7845343947410583,0.40345898270606995,-0.09199650585651398,0.8319656252861023,0.7503655552864075,-0.048008956015110016,0.8484072089195251,0.6035160422325134,-0.07516652345657349,0.862935483455658,0.5095254778862,-0.09707321226596832,0.8748095035552979,0.42565733194351196,-0.11312198638916016,0.8784334063529968,0.7893087267875671,-0.05780873820185661,0.9243530035018921,0.6997721195220947,-0.08716683089733124,0.9553675651550293,0.6325794458389282,-0.10402897745370865,0.9806795120239258,0.5662598609924316,-0.11578824371099472,mano_abierta
0.8196896910667419,1.0194122791290283,6.438662012442364e-07,0.757178544998169,0.992133378982544,-0.043743714690208435,0.6994737386703491,0.9251258373260498,-0.07089175283908844,0.6497765183448792,0.8600785732269287,-0.09371437877416611,0.6001709699630737,0.8263319730758667,-0.1174251064658165,0.743301510810852,0.7350910902023315,-0.05725099891424179,0.7199584245681763,0.6022480726242065,-0.08780800551176071,0.7077284455299377,0.5153583884239197,-0.1100035011768341,0.7031030654907227,0.43436989188194275,-0.12747839093208313,0.7937052845954895,0.701640248298645,-0.05856854468584061,0.7882782220840454,0.5450422763824463,-0.08641465753316879,0.7896008491516113,0.44118160009384155,-0.10810606181621552,0.7945443987846375,0.34528112411499023,-0.12555834650993347,0.8419733047485352,0.7106925249099731,-0.0641820877790451,0.8584942817687988,0.5620447397232056,-0.09943215548992157,0.8743453621864319,0.46564364433288574,-0.12426769733428955,0.887465238571167,0.3775489330291748,-0.14171157777309418,0.8886864185333252,0.7525484561920166,-0.07260196655988693,0.9375673532485962,0.6586989164352417,-0.10890955477952957,0.9717801809310913,0.5904854536056519,-0.12900535762310028,0.9994605779647827,0.52332603931427,-0.1426319032907486,mano_abierta
0.8271278738975525,1.000154733657837,6.382008450600551e-07,0.7601507902145386,0.9683431386947632,-0.040730707347393036,0.6994802355766296,0.8906214237213135,-0.0644548237323761,0.6501757502555847,0.820297122001648,-0.08426729589700699,0.600944995880127,0.7859595417976379,-0.10503461956977844,0.7454974055290222,0.6992669701576233,-0.050042033195495605,0.724009096622467,0.5633237957954407,-0.07750959694385529,0.7131328582763672,0.47431281208992004,-0.09812933206558228,0.7097311019897461,0.39138534665107727,-0.1147199347615242,0.7979087829589844,0.6659059524536133,-0.05185374990105629,0.7948161959648132,0.505439281463623,-0.07647515833377838,0.7963199019432068,0.3997231423854828,-0.09687644243240356,0.8009888529777527,0.30282875895500183,-0.11359106749296188,0.8470526933670044,0.6759692430496216,-0.05793490633368492,0.8666577339172363,0.5254918336868286,-0.09048212319612503,0.8829491138458252,0.4272734522819519,-0.11496803164482117,0.8958572745323181,0.3367784917354584,-0.13238923251628876,0.893608033657074,0.7199764251708984,-0.06666453927755356,0.9436536431312561,0.6253084540367126,-0.10081452131271362,0.9785650372505188,0.5572077631950378,-0.12015596777200699,1.0067918300628662,0.48958104848861694,-0.13340044021606445,mano_abierta
0.8349551558494568,0.9683901071548462,6.451683702834998e-07,0.7637006044387817,0.9329306483268738,-0.03803562372922897,0.6982366442680359,0.845443844795227,-0.057833097875118256,0.6472249627113342,0.7696216106414795,-0.07420201599597931,0.5987106561660767,0.7371780872344971,-0.09132856130599976,0.7459182739257812,0.6472591161727905,-0.04205075651407242,0.7212545275688171,0.5101097822189331,-0.06589468568563461,0.7091015577316284,0.42128875851631165,-0.0841807946562767,0.7046883702278137,0.3404180109500885,-0.09942834079265594,0.7977962493896484,0.6142213940620422,-0.04448798671364784,0.7914498448371887,0.4515039920806885,-0.06654480844736099,0.7917755246162415,0.34398984909057617,-0.0858270600438118,0.7963158488273621,0.247636616230011,-0.10180037468671799,0.847398579120636,0.6236523985862732,-0.051475949585437775,0.8631845712661743,0.4685971140861511,-0.08279161155223846,0.8774031400680542,0.3688051104545593,-0.10770848393440247,0.8899698257446289,0.27798891067504883,-0.1254727840423584,0.8954914808273315,0.6658259630203247,-0.060972947627305984,0.9442874789237976,0.5634605884552002,-0.09538479894399643,0.9799492955207825,0.4906461238861084,-0.11584188789129257,1.0098758935928345,0.4201159179210663,-0.12979191541671753,mano_abierta
0.838458240032196,0.9516364932060242,6.318030045804335e-07,0.767838716506958,0.918907642364502,-0.0390419140458107,0.7008291482925415,0.8314652442932129,-0.058979570865631104,0.6483346819877625,0.7543534636497498,-0.07529670000076294,0.5992473363876343,0.717564046382904,-0.0919686108827591,0.7445873022079468,0.6309880614280701,-0.041116464883089066,0.718930721282959,0.4926847219467163,-0.06494332104921341,0.7063552737236023,0.4028911292552948,-0.083286814391613,0.7018284797668457,0.3213578164577484,-0.09849812835454941,0.7960465550422668,0.5954595804214478,-0.042741525918245316,0.7878562211990356,0.4320860505104065,-0.0644625723361969,0.7871611714363098,0.32412728667259216,-0.08345165848731995,0.7909654378890991,0.22774824500083923,-0.09915293008089066,0.8461408019065857,0.6023955345153809,-0.049126915633678436,0.8602423071861267,0.44610095024108887,-0.07970134913921356,0.8736743927001953,0.3460172116756439,-0.10375609248876572,0.8853352069854736,0.25533315539360046,-0.1209532842040062,0.8951085805892944,0.6423795223236084,-0.05823221057653427,0.9419483542442322,0.539539098739624,-0.09185517579317093,0.9760878086090088,0.4658131003379822,-0.11170944571495056,1.0045356750488281,0.39422377943992615,-0.1252020001411438,mano_abierta
0.849890410900116,0.9332156777381897,6.217832719812577e-07,0.7773794531822205,0.9032730460166931,-0.03791901841759682,0.7084405422210693,0.8163865804672241,-0.05605733022093773,0.6549919247627258,0.7413284778594971,-0.07074470818042755,0.6056022644042969,0.7079584002494812,-0.08579427003860474,0.7512124180793762,0.6130831241607666,-0.03790240362286568,0.7231499552726746,0.47629979252815247,-0.060016632080078125,0.7090266942977905,0.38745900988578796,-0.07715265452861786,0.7026300430297852,0.3075225055217743,-0.09167765080928802,0.8020702600479126,0.5759297013282776,-0.03990548849105835,0.7915946841239929,0.41292327642440796,-0.060483187437057495,0.7897483110427856,0.305020809173584,-0.07888707518577576,0.7924889922142029,0.20926067233085632,-0.09413070976734161,0.8518551588058472,0.5812234282493591,-0.04677248001098633,0.8637984991073608,0.42563414573669434,-0.0772535428404808,0.8755187392234802,0.3243618607521057,-0.1020294725894928,0.8859132528305054,0.23269224166870117,-0.1196775734424591,0.90101557970047,0.619360625743866,-0.056221190840005875,0.946911633014679,0.5148048400878906,-0.09045900404453278,0.9805347919464111,0.4402275085449219,-0.11108510941267014,1.0086357593536377,0.36775538325309753,-0.12510892748832703,mano_abierta
0.8544591665267944,0.9159837365150452,6.390623070728907e-07,0.7835973501205444,0.8863458633422852,-0.03776336461305618,0.7143594622612,0.8021923303604126,-0.05658383667469025,0.659934401512146,0.7291062474250793,-0.0719418004155159,0.6094480752944946,0.699245810508728,-0.08785157650709152,0.75421142578125,0.5977529287338257,-0.04048052057623863,0.7244716286659241,0.4607855975627899,-0.0630451887845993,0.7094572186470032,0.3721655607223511,-0.08021112531423569,0.7025477290153503,0.2915283441543579,-0.09468081593513489,0.8040909767150879,0.5585489273071289,-0.042517803609371185,0.7929819226264954,0.39361006021499634,-0.06327003240585327,0.7899414896965027,0.2851983308792114,-0.08149988204240799,0.7911564111709595,0.18884822726249695,-0.09678543359041214,0.8534103631973267,0.5616967678070068,-0.04919038340449333,0.8644878268241882,0.40307891368865967,-0.07964468747377396,0.8748738765716553,0.3015694320201874,-0.10473190248012543,0.8838649392127991,0.210636705160141,-0.12275370210409164,0.9021547436714172,0.5980304479598999,-0.05837194249033928,0.948955237865448,0.4899680018424988,-0.09262394905090332,0.983443021774292,0.41327768564224243,-0.11385457217693329,1.0124661922454834,0.34006166458129883,-0.1284288614988327,mano_abierta
0.8594105243682861,0.8855932354927063,6.426290610761498e-07,0.7901846766471863,0.8571794033050537,-0.03781215846538544,0.7225044965744019,0.7737768888473511,-0.056282032281160355,0.668515145778656,0.6993685364723206,-0.07114140689373016,0.6184895634651184,0.6707943677902222,-0.08648160845041275,0.758622407913208,0.566872239112854,-0.03880709037184715,0.7286174893379211,0.43082481622695923,-0.06151073798537254,0.713031530380249,0.3419996500015259,-0.07926016300916672,0.7054154872894287,0.2611373960971832,-0.0940573588013649,0.8074604272842407,0.5261326432228088,-0.04054475575685501,0.794714629650116,0.362656831741333,-0.061007723212242126,0.7906200289726257,0.2549119293689728,-0.0793849378824234,0.790098249912262,0.15899550914764404,-0.09452017396688461,0.8562583923339844,0.528168797492981,-0.046996235847473145,0.866955578327179,0.37081313133239746,-0.07668356597423553,0.8760039210319519,0.26896363496780396,-0.10135873407125473,0.8825347423553467,0.17740654945373535,-0.11902368813753128,0.904637336730957,0.5639516711235046,-0.05601603165268898,0.9500336647033691,0.4561023712158203,-0.08893895894289017,0.9820963144302368,0.3796444535255432,-0.10918140411376953,1.0077029466629028,0.3062695860862732,-0.12305416166782379,mano_abierta
0.8641589879989624,0.8736907243728638,6.127274900791235e-07,0.7958055138587952,0.8432084321975708,-0.03681559860706329,0.7291646003723145,0.7579852342605591,-0.05490076169371605,0.6751567125320435,0.6842049360275269,-0.06950122863054276,0.6250147223472595,0.6555785536766052,-0.08448021113872528,0.7664836049079895,0.5505913496017456,-0.03618192672729492,0.7368988990783691,0.4145508110523224,-0.0588371567428112,0.7214367985725403,0.3256714940071106,-0.07706279307603836,0.7139609456062317,0.24576082825660706,-0.09204073995351791,0.8151288628578186,0.5105133652687073,-0.03813263028860092,0.8021551966667175,0.34787601232528687,-0.05786767974495888,0.7979001998901367,0.2406204342842102,-0.075952909886837,0.7970536351203918,0.14676019549369812,-0.09065762907266617,0.8638251423835754,0.5128215551376343,-0.04485129565000534,0.8742489814758301,0.35598158836364746,-0.07290539145469666,0.8835970759391785,0.2536553144454956,-0.09618616849184036,0.8898032903671265,0.16233712434768677,-0.11289287358522415,0.9118428826332092,0.5493735074996948,-0.054205652326345444,0.9545577168464661,0.44329380989074707,-0.0846012681722641,0.9833604097366333,0.3680885136127472,-0.10273826122283936,1.0054789781570435,0.2961122989654541,-0.11524578183889389,mano_abierta
0.8770813345909119,0.8518511056900024,6.254382469705888e-07,0.8094793558120728,0.818440854549408,-0.03828183561563492,0.7445524334907532,0.7369286417961121,-0.05883711948990822,0.6925610899925232,0.6609451770782471,-0.07565470784902573,0.642572820186615,0.6292847394943237,-0.09294658154249191,0.785489022731781,0.5297644138336182,-0.03936430439352989,0.7582818865776062,0.3925160765647888,-0.06372568756341934,0.7441478371620178,0.30356651544570923,-0.08372379094362259,0.7374370098114014,0.22424012422561646,-0.09977293759584427,0.8344081044197083,0.49123868346214294,-0.04127730056643486,0.8243329524993896,0.32813531160354614,-0.061642665416002274,0.822686493396759,0.22046628594398499,-0.08064770698547363,0.8246252536773682,0.12768477201461792,-0.0959300547838211,0.8827138543128967,0.4962659180164337,-0.04781529679894447,0.8941871523857117,0.339505136013031,-0.07513715326786041,0.9077677726745605,0.2403976321220398,-0.0973496288061142,0.9189452528953552,0.15455424785614014,-0.11348053067922592,0.9298232197761536,0.536835253238678,-0.05719488859176636,0.9699583053588867,0.4406140446662903,-0.08636794239282608,0.9969024658203125,0.3742620646953583,-0.10242035984992981,1.017763614654541,0.3127787709236145,-0.11328258365392685,mano_abierta
0.8826265931129456,0.8353332877159119,6.543498329847353e-07,0.8175467252731323,0.7969745397567749,-0.03853851929306984,0.7553699612617493,0.7125360369682312,-0.060234520584344864,0.703690767288208,0.6387640833854675,-0.07803083211183548,0.6546297073364258,0.6016758680343628,-0.09658611565828323,0.79482501745224,0.5136470198631287,-0.04154212400317192,0.7713477611541748,0.3760409951210022,-0.06734085083007812,0.7588056921958923,0.2857356071472168,-0.08831977844238281,0.7537240386009216,0.2063954472541809,-0.10473629832267761,0.8450338840484619,0.47844192385673523,-0.04404158517718315,0.8375970125198364,0.31615036725997925,-0.06583475321531296,0.8378349542617798,0.2062453031539917,-0.08623722195625305,0.8416711091995239,0.11092495918273926,-0.10218685865402222,0.8939982056617737,0.48889976739883423,-0.050961337983608246,0.9084669351577759,0.3306569457054138,-0.08037445694208145,0.9260157942771912,0.2312382459640503,-0.10418689996004105,0.940706729888916,0.1442706286907196,-0.1211588978767395,0.9411238431930542,0.5346918702125549,-0.06031503155827522,0.983352780342102,0.4415738880634308,-0.09175345301628113,1.0130773782730103,0.38501793146133423,-0.10763444751501083,1.0359197854995728,0.33274179697036743,-0.11791606992483139,mano_abierta
0.8792903423309326,0.8159443140029907,6.623344006584375e-07,0.8132933974266052,0.7764915823936462,-0.038468137383461,0.7510071992874146,0.6893072724342346,-0.05975184589624405,0.699215829372406,0.6156315803527832,-0.07695255428552628,0.6519794464111328,0.5743661522865295,-0.09481333941221237,0.7918969392776489,0.49009981751441956,-0.04087343066930771,0.770340621471405,0.3521300256252289,-0.06629903614521027,0.7586650848388672,0.26133280992507935,-0.08728688955307007,0.7539714574813843,0.18105226755142212,-0.10365980118513107,0.8433496952056885,0.4560767114162445,-0.04258100315928459,0.837755560874939,0.2946850657463074,-0.06287261098623276,0.8375902771949768,0.18625569343566895,-0.08253730833530426,0.8403509855270386,0.09106859564781189,-0.09819824248552322,0.8927504420280457,0.46756964921951294,-0.04863893613219261,0.909214437007904,0.31157034635543823,-0.075332410633564,0.9256356954574585,0.21214166283607483,-0.09715302288532257,0.9387107491493225,0.12398722767829895,-0.11317162960767746,0.9390032291412354,0.5142921209335327,-0.05735378339886665,0.9797044396400452,0.42247721552848816,-0.08577585965394974,1.0071618556976318,0.3658214807510376,-0.09983373433351517,1.0281872749328613,0.3127739727497101,-0.10907700657844543,mano_abierta
0.8697391748428345,0.8026946783065796,6.624890716011578e-07,0.8012584447860718,0.7660270929336548,-0.037704624235630035,0.734259843826294,0.681064784526825,-0.058161281049251556,0.6813150644302368,0.6054351329803467,-0.07439343631267548,0.6338276267051697,0.5655272006988525,-0.09125937521457672,0.7765941023826599,0.4767225682735443,-0.0409536138176918,0.7529803514480591,0.3377540707588196,-0.06487987190485,0.7405109405517578,0.24843883514404297,-0.08440815657377243,0.7346682548522949,0.17002463340759277,-0.09988576173782349,0.8287158608436584,0.4420601427555084,-0.042647719383239746,0.8220241069793701,0.2776719927787781,-0.06171368062496185,0.8209022283554077,0.16995525360107422,-0.08039586991071701,0.8228033185005188,0.0783458948135376,-0.09534770250320435,0.8786489367485046,0.45312944054603577,-0.04854757711291313,0.8935907483100891,0.2961689829826355,-0.07429817318916321,0.9069454669952393,0.19363346695899963,-0.09647160768508911,0.9173397421836853,0.10481736063957214,-0.1128602847456932,0.925442099571228,0.4995662271976471,-0.05696902796626091,0.9677072763442993,0.40798503160476685,-0.08506379276514053,0.9939695000648499,0.3446742296218872,-0.10021985322237015,1.0136510133743286,0.2860874533653259,-0.11032076925039291,mano_abierta
0.8458969593048096,0.8042235374450684,6.412883521988988e-07,0.7746149301528931,0.7671493291854858,-0.03682030737400055,0.7057123780250549,0.6776766777038574,-0.05577943101525307,0.6512551307678223,0.5990784764289856,-0.0709894523024559,0.6010136604309082,0.562153160572052,-0.0869036465883255,0.7484098672866821,0.47133952379226685,-0.03935758396983147,0.7207309603691101,0.3321228623390198,-0.061865516006946564,0.7080487012863159,0.24427728354930878,-0.07929733395576477,0.7021505236625671,0.16512596607208252,-0.09335102885961533,0.8017324209213257,0.437290221452713,-0.041471630334854126,0.792502224445343,0.266926646232605,-0.06069573387503624,0.789095401763916,0.1599377989768982,-0.07875669747591019,0.7887872457504272,0.06684327125549316,-0.09356207400560379,0.853817880153656,0.4458198547363281,-0.047893572598695755,0.8672058582305908,0.2879791855812073,-0.07555537670850754,0.8779900670051575,0.1826869249343872,-0.09912924468517303,0.8866640329360962,0.0913001298904419,-0.1160256490111351,0.9029687643051147,0.48757150769233704,-0.05663758143782616,0.9453884363174438,0.37757188081741333,-0.08575161546468735,0.9761908650398254,0.3030291199684143,-0.1025332659482956,1.0008350610733032,0.23427468538284302,-0.11408615112304688,mano_abierta
0.7989510893821716,0.792265772819519,6.085575137149135e-07,0.7257075905799866,0.7557723522186279,-0.0317927822470665,0.655473530292511,0.6634805798530579,-0.04718324914574623,0.6003623604774475,0.5888724327087402,-0.060019008815288544,0.5494130253791809,0.5632055997848511,-0.07403034716844559,0.695152997970581,0.4612519443035126,-0.030734002590179443,0.663979172706604,0.3258669674396515,-0.050950925797224045,0.6493672728538513,0.2383514642715454,-0.06726457178592682,0.6418157815933228,0.16059082746505737,-0.0807991698384285,0.7468296885490417,0.42439812421798706,-0.034841664135456085,0.7339425086975098,0.25610846281051636,-0.05244389548897743,0.7277836203575134,0.1509815752506256,-0.06994585692882538,0.724967896938324,0.05918511748313904,-0.08441339433193207,0.7979933023452759,0.4289945065975189,-0.04327269271016121,0.8089431524276733,0.270595908164978,-0.06970707327127457,0.8161258101463318,0.16382956504821777,-0.0940229669213295,0.820907473564148,0.0704846978187561,-0.1117890477180481,0.847055196762085,0.4669824540615082,-0.05370398238301277,0.8898837566375732,0.35661548376083374,-0.08193651586771011,0.9195451736450195,0.2797817587852478,-0.09936415404081345,0.9425765872001648,0.20828944444656372,-0.11182553321123123,mano_abierta
0.7748950123786926,0.7859912514686584,5.76625552639598e-07,0.6981285214424133,0.757965624332428,-0.029627444222569466,0.6240121722221375,0.6671081185340881,-0.043106984347105026,0.5690186023712158,0.5938614010810852,-0.05415596067905426,0.5188800692558289,0.5693809390068054,-0.06655986607074738,0.662425696849823,0.46011900901794434,-0.029251402243971825,0.6273525953292847,0.325710654258728,-0.04766100272536278,0.6102985739707947,0.23918062448501587,-0.0627952367067337,0.6003190875053406,0.16326770186424255,-0.07567498087882996,0.713573694229126,0.4212450087070465,-0.03402038663625717,0.6970683336257935,0.2529798150062561,-0.04984631761908531,0.6879857778549194,0.14892205595970154,-0.0665854960680008,0.682163655757904,0.05948260426521301,-0.08069400489330292,0.7644164562225342,0.42370137572288513,-0.0428738072514534,0.7712448239326477,0.2621546685695648,-0.06784429401159286,0.7742334008216858,0.15415135025978088,-0.09247075021266937,0.7753111720085144,0.05930984020233154,-0.11092322319746017,0.8134767413139343,0.45968887209892273,-0.05348820611834526,0.8546051979064941,0.34826478362083435,-0.08140144497156143,0.8823884725570679,0.26955974102020264,-0.09951112419366837,0.904032826423645,0.19584211707115173,-0.11263129115104675,mano_abierta
0.7425400614738464,0.7911115884780884,5.572612167270563e-07,0.6659237146377563,0.7684625387191772,-0.03040139377117157,0.5905723571777344,0.6813517212867737,-0.04356566444039345,0.5348942279815674,0.6095638275146484,-0.05425066873431206,0.48614299297332764,0.5787646770477295,-0.0659104511141777,0.6270667910575867,0.4702191650867462,-0.02780078910291195,0.5921339392662048,0.3373797535896301,-0.04595116525888443,0.5723108649253845,0.2525881826877594,-0.06129416450858116,0.5590198040008545,0.17642569541931152,-0.0747511014342308,0.6756906509399414,0.43090975284576416,-0.03265131264925003,0.656536340713501,0.2656196355819702,-0.04980513080954552,0.6439546942710876,0.159222811460495,-0.06790944188833237,0.6345975399017334,0.06788593530654907,-0.08264200389385223,0.7250097990036011,0.43299600481987,-0.041777148842811584,0.7293121218681335,0.2725978493690491,-0.06895942240953445,0.7313565611839294,0.16240039467811584,-0.09469415992498398,0.7311902642250061,0.06318485736846924,-0.11328107863664627,0.7727349996566772,0.4676229953765869,-0.052627671509981155,0.8100616335868835,0.3521665036678314,-0.08355306833982468,0.8365764617919922,0.27352839708328247,-0.10278511047363281,0.8572860956192017,0.19878438115119934,-0.11605753749608994,mano_abierta
0.7351729273796082,0.8007473945617676,5.924807737756055e-07,0.6575103998184204,0.7807957530021667,-0.03536960482597351,0.5830180644989014,0.6969103813171387,-0.05164260044693947,0.5259813070297241,0.6252466440200806,-0.06454619765281677,0.47624915838241577,0.5933184027671814,-0.07812131196260452,0.6163603663444519,0.48560163378715515,-0.034135233610868454,0.5803441405296326,0.3516644835472107,-0.05549708381295204,0.5596822500228882,0.2654561400413513,-0.07305286079645157,0.5457594394683838,0.18625473976135254,-0.08788327127695084,0.6652433276176453,0.44306808710098267,-0.037253789603710175,0.6450291872024536,0.2806217074394226,-0.057089000940322876,0.6324862241744995,0.1729092001914978,-0.07635777443647385,0.6231486201286316,0.07826173305511475,-0.09175343066453934,0.7146013975143433,0.44300055503845215,-0.045015595853328705,0.7176826000213623,0.283913791179657,-0.07409001141786575,0.7191610932350159,0.17542091012001038,-0.10004311054944992,0.7177608013153076,0.07642257213592529,-0.11856448650360107,0.7626121640205383,0.4760662317276001,-0.05497226491570473,0.7992567420005798,0.3622889518737793,-0.08753041177988052,0.8241994976997375,0.2834070026874542,-0.10754735767841339,0.8431222438812256,0.20635533332824707,-0.12115130573511124,mano_abierta
0.7339499592781067,0.819104790687561,5.771304927293386e-07,0.6583600640296936,0.7949475646018982,-0.03263683617115021,0.5846320986747742,0.7086887359619141,-0.04729830101132393,0.527378499507904,0.6380020976066589,-0.05905614420771599,0.47709447145462036,0.6072075366973877,-0.07159784436225891,0.6169833540916443,0.4988025724887848,-0.03147914633154869,0.5800578594207764,0.3653252124786377,-0.05193861573934555,0.5600589513778687,0.27923113107681274,-0.0687449499964714,0.5473249554634094,0.2014365792274475,-0.08303232491016388,0.6658121943473816,0.45713356137275696,-0.03572564944624901,0.6451959609985352,0.2948053777217865,-0.0547676756978035,0.6334498524665833,0.1861976683139801,-0.07355885952711105,0.6252732276916504,0.09266006946563721,-0.08885206282138824,0.7149255275726318,0.4580433666706085,-0.04448743909597397,0.7190932035446167,0.30001571774482727,-0.0728902667760849,0.720717191696167,0.19516655802726746,-0.09855077415704727,0.7195795178413391,0.10049429535865784,-0.11716056615114212,0.7620865106582642,0.492686003446579,-0.055264394730329514,0.7995774745941162,0.3831644058227539,-0.08809677511453629,0.8245954513549805,0.30557340383529663,-0.10869155079126358,0.8436878323554993,0.2290349006652832,-0.1228378564119339,mano_abierta
0.7352173924446106,0.8292858600616455,6.02533702931396e-07,0.659792423248291,0.8036656975746155,-0.03474557399749756,0.5871877074241638,0.7195806503295898,-0.05121023207902908,0.5300567150115967,0.649095892906189,-0.06448695808649063,0.4795594811439514,0.6153584718704224,-0.07834175229072571,0.6204515099525452,0.5097898244857788,-0.03401842713356018,0.5850528478622437,0.3744853734970093,-0.05513143911957741,0.5654025077819824,0.2877342700958252,-0.07230494171380997,0.5523982644081116,0.20934098958969116,-0.08684615045785904,0.6689714193344116,0.4694204330444336,-0.037580180913209915,0.6494510769844055,0.30561351776123047,-0.05744265019893646,0.6380048394203186,0.19605138897895813,-0.0766463577747345,0.6298835873603821,0.10161066055297852,-0.09214873611927032,0.7175807952880859,0.4714498519897461,-0.0457366406917572,0.7224270701408386,0.3136513829231262,-0.07486025989055634,0.7246328592300415,0.20892560482025146,-0.10055574029684067,0.7240193486213684,0.11411243677139282,-0.11902324855327606,0.7644978165626526,0.5065017938613892,-0.056079134345054626,0.8029415607452393,0.3972276449203491,-0.0892617329955101,0.8289152383804321,0.32041069865226746,-0.10975483804941177,0.848797082901001,0.2446555197238922,-0.12368900328874588,mano_abierta
0.7337682843208313,0.8387107849121094,6.088147301852587e-07,0.6591280102729797,0.8134997487068176,-0.03475668653845787,0.5875890254974365,0.7296527624130249,-0.05144169554114342,0.5313603281974792,0.6571094393730164,-0.06489253044128418,0.4809233844280243,0.6210516691207886,-0.07887662947177887,0.6208592653274536,0.5227506756782532,-0.03476889431476593,0.5867012739181519,0.38731569051742554,-0.05578693002462387,0.567878782749176,0.3014377951622009,-0.07255983352661133,0.5555800795555115,0.22312712669372559,-0.08680088818073273,0.6694017648696899,0.4832043945789337,-0.03830627724528313,0.651168942451477,0.32034918665885925,-0.05825124308466911,0.64005446434021,0.21133631467819214,-0.07764048874378204,0.6321954727172852,0.11655789613723755,-0.09329808503389359,0.7178133726119995,0.4858684837818146,-0.04628657549619675,0.7235947847366333,0.3298797309398651,-0.07558035105466843,0.7259078621864319,0.2253037393093109,-0.10154857486486435,0.7253724336624146,0.12976428866386414,-0.12022558599710464,0.76446932554245,0.521216869354248,-0.056356921792030334,0.803623378276825,0.41350257396698,-0.08954989165067673,0.8298540115356445,0.3375166952610016,-0.11004312336444855,0.8498663306236267,0.262302964925766,-0.1239958330988884,mano_abierta
